,id,name,seller_type,owner,engine
6908,6909,Chevrolet Beat Diesel LT,Individual,Third Owner,936 CC
6909,6910,Chevrolet Sail Hatchback 1.2,Individual,First Owner,1199 CC
6910,6911,Tata Indica Vista Aqua 1.3 Quadrajet (ABS),Individual,First Owner,
6911,6912,Hyundai Accent GLE,Individual,Second Owner,1495 CC
6912,6913,Mahindra Bolero GLX,Individual,Second Owner,
6913,6914,Maruti Swift Dzire VDI,Individual,First Owner,1248 CC
6914,6915,Renault Duster 110PS Diesel RxL,Individual,Second Owner,1461 CC
6915,6916,Toyota Etios G,Individual,Third Owner,1496 CC
6916,6917,Hyundai Santro Xing GLS,Individual,Second Owner,1086 CC
6917,6918,Maruti Swift VDI BSIV,Individual,First Owner,
6918,6919,Ford Ikon 1.6 Really Sport,Individual,Third Owner,1597 CC
6919,6920,Maruti Esteem LX - BSIII,Individual,Fourth & Above Owner,1298 CC
6920,6921,Maruti Esteem LX - BSIII,Individual,Fourth & Above Owner,1298 CC
6921,6922,Ford Fiesta 1.5 TDCi Titanium,Individual,Second Owner,1498 CC
6922,6923,Maruti Swift VXI,Individual,First Owner,1197 CC
6923,6924,Maruti Alto K10 VXI,Individual,First Owner,998 CC
6924,6925,Hyundai Grand i10 CRDi Magna,Individual,First Owner,1120 CC
6925,6926,Hyundai Verna 1.6 SX CRDi (O),Individual,Third Owner,1582 CC
6926,6927,Hyundai Verna 1.6 CRDI,Individual,First Owner,1582 CC
6927,6928,Hyundai i10 Sportz AT,Individual,Third Owner,1197 CC
6928,6929,Maruti Ertiga LDI Option,Individual,First Owner,1248 CC
6929,6930,Tata Indigo CS LS (TDI) BS III,Individual,First Owner,1396 CC
6930,6931,Tata Indica Vista TDI LS,Individual,First Owner,1405 CC
6931,6932,Chevrolet Beat Diesel LT,Individual,Third Owner,936 CC
6932,6933,Tata Indica V2 2001-2011 DLS BSIII,Individual,Second Owner,1396 CC
6933,6934,Maruti 800 AC,Individual,Third Owner,796 CC
6934,6935,Tata Indica Vista Aqua 1.3 Quadrajet (ABS),Individual,Second Owner,
6935,6936,Hyundai Tucson CRDi,Individual,Fourth & Above Owner,1991 CC
6936,6937,Tata Indica V2 DLS TC,Individual,Third Owner,1405 CC
6937,6938,Maruti Swift Dzire VXI,Individual,First Owner,1197 CC
6938,6939,Ford Figo Aspire 1.5 TDCi Ambiente,Individual,First Owner,1498 CC
6939,6940,Maruti Swift VDI,Individual,First Owner,1248 CC
6940,6941,Mahindra Bolero 2011-2019 SLX,Individual,First Owner,2523 CC
6941,6942,Tata New Safari Dicor LX 4X2 BS IV,Individual,Second Owner,2179 CC
6942,6943,Hyundai i10 Sportz,Individual,First Owner,1197 CC
6943,6944,Maruti Swift Dzire VDI,Individual,First Owner,1248 CC
6944,6945,Tata Manza Aura (ABS) Quadrajet,Individual,Third Owner,1248 CC
6945,6946,Mahindra Scorpio EX,Individual,First Owner,2523 CC
6946,6947,Mahindra TUV 300 T4 Plus,Individual,First Owner,1493 CC
6947,6948,Tata Manza Aqua Safire,Individual,Third Owner,1368 CC
6948,6949,Hyundai EON Magna Plus,Individual,Second Owner,814 CC
6949,6950,Mahindra Bolero 2011-2019 SLE,Individual,First Owner,2523 CC
6950,6951,Maruti Swift VDI BSIV,Individual,First Owner,1248 CC
6951,6952,Skoda Fabia 1.2L Diesel Elegance,Individual,First Owner,1199 CC
6952,6953,Hyundai Elite i20 Asta Option Diesel,Individual,First Owner,1396 CC
6953,6954,Maruti Ritz LDi,Individual,First Owner,1248 CC
6954,6955,Maruti Swift Lxi BSIII,Individual,Second Owner,1298 CC
6955,6956,Tata Indica V2 DLS BSIII,Individual,Second Owner,1405 CC
6956,6957,Hyundai Elite i20 Petrol Asta Option,Individual,First Owner,1197 CC
6957,6958,Mahindra Scorpio S10 4WD,Individual,Second Owner,2179 CC
6958,6959,Hyundai Accent GLS 1.6 ABS,Individual,Second Owner,1599 CC
6959,6960,Jaguar XE 2016-2019 2.0L Diesel Prestige,Dealer,First Owner,1999 CC
6960,6961,Lexus ES 300h,Dealer,First Owner,2487 CC
6961,6962,Jaguar XF 2.0 Diesel Portfolio,Dealer,First Owner,1999 CC
6962,6963,Tata Safari Storme EX,Individual,First Owner,2179 CC
6963,6964,Volvo XC40 D4 Inscription BSIV,Individual,First Owner,1969 CC
6964,6965,Toyota Camry 2.5 Hybrid,Trustmark Dealer,First Owner,2494 CC
6965,6966,Maruti Wagon R LXI,Trustmark Dealer,First Owner,998 CC
6966,6967,Maruti Baleno Alpha 1.3,Dealer,First Owner,1248 CC
6967,6968,Honda Jazz VX,Trustmark Dealer,First Owner,1199 CC
6968,6969,Toyota Innova 2.5 VX (Diesel) 7 Seater,Trustmark Dealer,Second Owner,2494 CC
6969,6970,Maruti Swift AMT VVT VXI,Trustmark Dealer,First Owner,1197 CC
6970,6971,Toyota Etios VX,Trustmark Dealer,First Owner,1496 CC
6971,6972,Maruti Swift AMT ZXI,Dealer,First Owner,1197 CC
6972,6973,Hyundai Grand i10 1.2 CRDi Sportz,Dealer,First Owner,1186 CC
6973,6974,BMW X4 M Sport X xDrive20d,Dealer,First Owner,1995 CC
6974,6975,BMW X4 M Sport X xDrive20d,Dealer,First Owner,1995 CC
6975,6976,Honda Amaze V CVT Petrol BSIV,Trustmark Dealer,First Owner,1199 CC
6976,6977,Skoda Rapid 1.6 MPI AT Elegance,Dealer,First Owner,1598 CC
6977,6978,Volvo V40 D3 R-Design,Dealer,First Owner,1984 CC
6978,6979,Maruti Swift Dzire VDI,Individual,Second Owner,1248 CC
6979,6980,Maruti S-Cross 2017-2020 Zeta DDiS 200 SH,Individual,First Owner,1248 CC
6980,6981,Datsun GO T Petrol,Individual,First Owner,1198 CC
6981,6982,Hyundai Verna CRDi SX ABS,Individual,Second Owner,1493 CC
6982,6983,Renault KWID 1.0 RXT Optional,Individual,First Owner,999 CC
6983,6984,Toyota Etios GD,Individual,Second Owner,1364 CC
6984,6985,Mahindra Bolero 2011-2019 Plus Non AC,Individual,Third Owner,2523 CC
6985,6986,Tata Zest Revotron 1.2 XT,Individual,First Owner,1193 CC
6986,6987,Maruti Alto K10 2010-2014 VXI,Individual,Second Owner,998 CC
6987,6988,Hyundai i20 Asta 1.4 CRDi,Individual,Second Owner,1396 CC
6988,6989,Mahindra Scorpio S10 7 Seater,Individual,Second Owner,2179 CC
6989,6990,Toyota Innova Crysta 2.4 VX MT BSIV,Individual,Second Owner,2393 CC
6990,6991,Hyundai i10 Sportz,Individual,First Owner,1197 CC
6991,6992,Mahindra XUV500 AT W10 FWD,Individual,First Owner,2179 CC
6992,6993,Hyundai i20 1.2 Magna,Individual,First Owner,1197 CC
6993,6994,Hyundai Grand i10 Sportz,Individual,First Owner,1197 CC
6994,6995,Maruti Swift LDI,Individual,Second Owner,1248 CC
6995,6996,Maruti Swift Dzire VXi,Individual,First Owner,1298 CC
6996,6997,Chevrolet Sail Hatchback LT ABS,Individual,First Owner,1248 CC
6997,6998,Mahindra KUV 100 mFALCON D75 K4,Individual,First Owner,1198 CC
6998,6999,Fiat Grande Punto 1.4 Emotion,Individual,First Owner,1368 CC
6999,7000,Toyota Innova Crysta 2.7 GX AT 8 STR,Individual,First Owner,2694 CC
7000,7001,Maruti Omni 5 Seater BSIV,Individual,Second Owner,796 CC
7001,7002,Maruti Alto 800 LXI,Individual,Second Owner,796 CC
7002,7003,Hyundai Santro Xing (Non-AC),Individual,Second Owner,1086 CC
7003,7004,Mahindra Bolero 2011-2019 SLX,Individual,First Owner,2523 CC
7004,7005,Hyundai Grand i10 1.2 Kappa Sportz BSIV,Individual,Second Owner,1197 CC
7005,7006,Ford EcoSport 1.5 Petrol Ambiente BSIV,Dealer,First Owner,1497 CC
7006,7007,Mahindra XUV500 W6 2WD,Dealer,First Owner,2179 CC
7007,7008,Toyota Fortuner 3.0 Diesel,Dealer,First Owner,2982 CC
7008,7009,Datsun RediGO T Option,Individual,First Owner,799 CC
7009,7010,Hyundai i10 Sportz,Individual,First Owner,1197 CC
7010,7011,Maruti Wagon R AMT VXI,Individual,First Owner,998 CC
7011,7012,Hyundai i20 Sportz 1.2,Individual,Second Owner,1197 CC
7012,7013,Hyundai Santro Xing ABS,Individual,Third Owner,
7013,7014,Tata Manza Aura Quadrajet,Individual,First Owner,1248 CC
7014,7015,Hyundai EON Era,Individual,Second Owner,814 CC
7015,7016,Hyundai i10 Magna 1.2 iTech SE,Individual,Second Owner,1197 CC
7016,7017,Maruti Zen Estilo 1.1 LXI BSIII,Individual,Second Owner,1061 CC
7017,7018,Mahindra Bolero SLX,Individual,Second Owner,2523 CC
7018,7019,Ford Figo Diesel EXI,Dealer,Second Owner,1399 CC
7019,7020,Maruti Wagon R VXI BS IV,Individual,First Owner,998 CC
7020,7021,Ford Figo Petrol ZXI,Individual,First Owner,1196 CC
7021,7022,Hyundai i20 Magna,Individual,First Owner,1197 CC
7022,7023,Mahindra XUV500 W4,Dealer,First Owner,2179 CC
7023,7024,Hyundai i20 1.2 Magna,Dealer,Third Owner,1197 CC
7024,7025,Maruti Ciaz RS ZXi Plus,Individual,First Owner,1373 CC
7025,7026,Honda WR-V i-DTEC VX,Individual,First Owner,1498 CC
7026,7027,Tata Tiago 1.2 Revotron XZ,Individual,Second Owner,1199 CC
7027,7028,Renault Duster 85PS Diesel RxL Optional,Individual,Second Owner,1461 CC
7028,7029,Maruti Wagon R VXI BS IV,Individual,First Owner,998 CC
7029,7030,Honda City i-VTEC CVT ZX,Individual,First Owner,1497 CC
7030,7031,Hyundai i20 1.2 Spotz,Individual,First Owner,1197 CC
7031,7032,Nissan Micra XV CVT,Individual,First Owner,1198 CC
7032,7033,Hyundai EON D Lite Plus,Individual,First Owner,814 CC
7033,7034,Hyundai Xcent 1.2 VTVT S,Individual,First Owner,1197 CC
7034,7035,Honda Amaze VX Petrol BSIV,Individual,First Owner,1199 CC
7035,7036,Maruti Vitara Brezza ZDi Plus,Individual,First Owner,1248 CC
7036,7037,Ford EcoSport 1.5 Diesel Titanium Plus BSIV,Individual,First Owner,1498 CC
7037,7038,Chevrolet Cruze LTZ,Individual,First Owner,1991 CC
7038,7039,Honda City i-VTEC CVT VX,Individual,First Owner,1497 CC
7039,7040,Chevrolet Cruze LTZ AT,Individual,First Owner,1998 CC
7040,7041,Maruti Eeco CNG 5 Seater AC BSIV,Individual,First Owner,1196 CC
7041,7042,Maruti Ertiga BSIV VXI,Individual,First Owner,1373 CC
7042,7043,Toyota Innova 2.5 V Diesel 8-seater,Individual,First Owner,2494 CC
7043,7044,Hyundai Xcent 1.2 CRDi S,Individual,First Owner,1186 CC
7044,7045,Mahindra Xylo H9,Individual,Second Owner,2179 CC
7045,7046,Maruti Ciaz ZXi,Individual,Second Owner,1373 CC
7046,7047,Hyundai Santro Era,Individual,First Owner,1086 CC
7047,7048,Mitsubishi Pajero Sport 4X4 Dual Tone,Individual,First Owner,2477 CC
7048,7049,Tata New Safari Dicor EX 4X2 BS IV,Individual,First Owner,2179 CC
7049,7050,Toyota Innova 2.5 G (Diesel) 7 Seater,Individual,First Owner,2494 CC
7050,7051,Toyota Innova 2.5 G (Diesel) 7 Seater,Individual,First Owner,2494 CC
7051,7052,Tata Manza Aura Quadrajet,Individual,First Owner,1248 CC
7052,7053,Mahindra Bolero 2011-2019 SLE,Individual,First Owner,2523 CC
7053,7054,Tata Tigor 2017-2020 XZ Plus,Individual,First Owner,1199 CC
7054,7055,Chevrolet Beat Diesel LT,Individual,Second Owner,936 CC
7055,7056,Mahindra XUV500 W8 2WD,Individual,Third Owner,2179 CC
7056,7057,Mahindra Scorpio 1.99 S4 Plus,Individual,First Owner,1997 CC
7057,7058,Tata Indica Vista TDI LX,Individual,Second Owner,1405 CC
7058,7059,Mahindra Thar 4X4,Individual,First Owner,2498 CC
7059,7060,Hyundai i20 Magna,Individual,Second Owner,1197 CC
7060,7061,Maruti Swift VDI,Individual,Third Owner,1248 CC
7061,7062,Honda BRV i-VTEC V MT,Individual,First Owner,1497 CC
7062,7063,Tata Venture EX 7 Str,Individual,First Owner,1405 CC
7063,7064,Maruti 800 AC,Individual,Second Owner,796 CC
7064,7065,Toyota Innova 2.5 E Diesel MS 8-seater,Individual,Fourth & Above Owner,2494 CC
7065,7066,Renault KWID 1.0 RXT Optional,Individual,Second Owner,999 CC
7066,7067,Maruti Alto K10 VXI,Individual,First Owner,998 CC
7067,7068,Maruti Alto LXi,Individual,Third Owner,796 CC
7068,7069,Fiat Linea Emotion,Individual,Second Owner,1368 CC
7069,7070,Maruti Dzire ZXI,Individual,First Owner,1197 CC
7070,7071,Maruti Ciaz ZDi Plus SHVS,Individual,First Owner,1248 CC
7071,7072,Mahindra Thar CRDe,Individual,First Owner,2498 CC
7072,7073,Volkswagen Vento 1.5 Highline Plus AT 16 Alloy,Individual,First Owner,1498 CC
7073,7074,Maruti Ritz LDi,Individual,First Owner,1248 CC
7074,7075,Hyundai i20 1.4 CRDi Asta,Individual,Second Owner,1396 CC
7075,7076,Volkswagen Vento 1.5 Highline Plus AT 16 Alloy,Individual,First Owner,1498 CC
7076,7077,Maruti Ertiga VDI,Individual,First Owner,1248 CC
7077,7078,Audi A3 35 TDI Premium Plus,Individual,First Owner,1968 CC
7078,7079,Toyota Innova 2.5 VX (Diesel) 7 Seater,Individual,First Owner,2494 CC
7079,7080,Renault Fluence Diesel E4,Individual,Second Owner,1461 CC
7080,7081,Mahindra Thar CRDe,Individual,Second Owner,2498 CC
7081,7082,Hyundai Verna CRDi SX ABS,Individual,First Owner,1493 CC
7082,7083,Mahindra Bolero SLX,Individual,Third Owner,2523 CC
7083,7084,Toyota Etios G,Individual,Second Owner,1496 CC
7084,7085,Mahindra Bolero SLX,Individual,Second Owner,2523 CC
7085,7086,Volkswagen Polo 1.5 TDI Comfortline,Individual,First Owner,1498 CC
7086,7087,Toyota Etios Liva G,Individual,Second Owner,
7087,7088,Maruti Alto 800 LXI,Individual,First Owner,796 CC
7088,7089,Maruti Swift VDI,Individual,First Owner,1248 CC
7089,7090,Hyundai Verna 1.6 SX,Individual,Second Owner,1582 CC
7090,7091,Maruti Ritz VDi ABS,Individual,Second Owner,1248 CC
7091,7092,Maruti Swift Dzire VXI,Individual,Second Owner,1197 CC
7092,7093,Maruti Ertiga SHVS VDI,Individual,First Owner,1248 CC
7093,7094,Maruti Alto 800 VXI,Individual,First Owner,796 CC
7094,7095,Hyundai Creta 1.4 E Plus,Individual,First Owner,1396 CC
7095,7096,Tata Indigo CS eGLS BS IV,Individual,First Owner,1193 CC
7096,7097,Ford EcoSport 1.5 Diesel Titanium Plus BSIV,Individual,First Owner,1498 CC
7097,7098,Mahindra TUV 300 mHAWK100 T8,Individual,First Owner,1493 CC
7098,7099,Mahindra Bolero 2011-2019 DI - AC BS III,Individual,First Owner,2523 CC
7099,7100,Nissan Terrano XL,Individual,First Owner,1598 CC
7100,7101,Tata Tiago 1.05 Revotorq XT,Individual,First Owner,1047 CC
7101,7102,Hyundai Accent Executive LPG,Individual,First Owner,1495 CC
7102,7103,Toyota Innova 2.5 V Diesel 8-seater,Individual,Second Owner,2494 CC
7103,7104,Maruti Ertiga VXI,Individual,Third Owner,1373 CC
7104,7105,Hyundai Santro Xing GL Plus,Individual,First Owner,1086 CC
7105,7106,Maruti Alto K10 2010-2014 VXI,Individual,Third Owner,998 CC
7106,7107,Mahindra Bolero 2011-2019 DI NON AC BS III White,Individual,First Owner,2523 CC
7107,7108,Maruti Vitara Brezza VDi,Individual,First Owner,1248 CC
7108,7109,Ford EcoSport 1.5 Diesel Titanium Plus BSIV,Individual,First Owner,1498 CC
7109,7110,Maruti Swift VDI,Individual,First Owner,1248 CC
7110,7111,Maruti Swift Dzire VDI,Individual,Second Owner,1248 CC
7111,7112,Maruti Swift Dzire VDI,Individual,Fourth & Above Owner,1248 CC
7112,7113,Maruti Wagon R LXI DUO BS IV,Individual,First Owner,998 CC
7113,7114,Maruti Ritz VDi,Individual,Second Owner,1248 CC
7114,7115,Maruti Swift Dzire 1.2 Lxi BSIV,Individual,Second Owner,1197 CC
7115,7116,Tata New Safari 4X4 EXI BSIII,Individual,Second Owner,2092 CC
7116,7117,Toyota Etios GD,Individual,First Owner,1364 CC
7117,7118,Chevrolet Tavera Neo 3 LT 9 Seats BSIII,Individual,First Owner,2499 CC
7118,7119,Tata Sumo Gold GX,Individual,Second Owner,2956 CC
7119,7120,Nissan Micra XV CVT,Individual,First Owner,1198 CC
7120,7121,Hyundai Grand i10 Asta,Individual,First Owner,1197 CC
7121,7122,Maruti Alto STD,Individual,First Owner,796 CC
7122,7123,Maruti Alto 800 LXI,Individual,First Owner,796 CC
7123,7124,Ford Ecosport 1.5 Diesel Trend,Individual,First Owner,1498 CC
7124,7125,Nissan Terrano XL D Option,Individual,First Owner,1461 CC
7125,7126,Tata New Safari DICOR 2.2 GX 4x2 BS IV,Individual,Second Owner,2179 CC
7126,7127,Mahindra TUV 300 T6,Individual,First Owner,1493 CC
7127,7128,Hyundai Santro Xing ABS,Individual,Second Owner,
7128,7129,Hyundai Grand i10 1.2 Kappa Sportz Option,Individual,First Owner,1197 CC
7129,7130,Jeep Compass 2.0 Limited Option,Individual,First Owner,1956 CC
7130,7131,Mahindra Bolero 2011-2019 DI - AC BS III,Individual,First Owner,2523 CC
7131,7132,Mahindra Bolero 2011-2019 DI - AC BS III,Individual,First Owner,2523 CC
7132,7133,Chevrolet Aveo U-VA 1.2 LS,Individual,Second Owner,1150 CC
7133,7134,Mahindra XUV500 W8 AWD,Individual,Second Owner,2179 CC
7134,7135,Chevrolet Aveo U-VA 1.2,Individual,Third Owner,1150 CC
7135,7136,Maruti Baleno Alpha 1.2,Individual,First Owner,1197 CC
7136,7137,Volkswagen Polo Petrol Trendline 1.2L,Individual,First Owner,1198 CC
7137,7138,Hyundai Xcent 1.2 Kappa S,Individual,First Owner,1197 CC
7138,7139,Maruti Alto 800 VXI,Individual,First Owner,796 CC
7139,7140,Honda City i VTEC VX,Individual,First Owner,1497 CC
7140,7141,Nissan Micra Active XL Petrol,Individual,First Owner,1198 CC
7141,7142,Maruti Swift ZXI,Individual,Fourth & Above Owner,1197 CC
7142,7143,Maruti Swift ZXI,Individual,First Owner,1197 CC
7143,7144,Maruti Swift Dzire VXi,Individual,Second Owner,1298 CC
7144,7145,Datsun RediGO 1.0 S,Individual,First Owner,999 CC
7145,7146,Tata Tiago 1.2 Revotron XM,Individual,First Owner,1199 CC
7146,7147,Honda Amaze VX i-DTEC,Individual,First Owner,1498 CC
7147,7148,Toyota Etios Cross 1.2L G,Individual,Second Owner,1197 CC
7148,7149,Honda CR-V 2.0L 2WD AT,Individual,Third Owner,1997 CC
7149,7150,Mahindra KUV 100 mFALCON G80 K6 AW,Individual,Second Owner,1198 CC
7150,7151,Chevrolet Tavera Neo 3 9 Str BSIII,Individual,First Owner,2499 CC
7151,7152,Maruti Ritz Genus VDi,Individual,Second Owner,1248 CC
7152,7153,Chevrolet Tavera Neo 3 10 Seats BSIII,Individual,First Owner,2499 CC
7153,7154,Ford Figo 1.5D Trend MT,Individual,Second Owner,1498 CC
7154,7155,Skoda Octavia Rider 1.9 AT TDI,Individual,Second Owner,1896 CC
7155,7156,Mahindra Marazzo M2 8Str BSIV,Individual,First Owner,1497 CC
7156,7157,Maruti Wagon R VXI BS IV,Individual,First Owner,998 CC
7157,7158,Maruti Wagon R VXI BS IV,Individual,First Owner,998 CC
7158,7159,Hyundai i20 1.2 Spotz,Individual,First Owner,1197 CC
7159,7160,Renault KWID RXT Optional,Individual,First Owner,799 CC
7160,7161,Hyundai i20 1.2 Spotz,Individual,First Owner,1197 CC
7161,7162,Hyundai Getz 1.1 GLE,Individual,Third Owner,1086 CC
7162,7163,Tata Hexa XT,Individual,First Owner,2179 CC
7163,7164,Tata Hexa XM,Individual,First Owner,2179 CC
7164,7165,Tata Indigo CS eLX BS IV,Individual,First Owner,1396 CC
7165,7166,Hyundai i20 Active 1.4 SX with AVN,Individual,First Owner,1396 CC
7166,7167,Maruti Wagon R LXI CNG,Individual,First Owner,998 CC
7167,7168,Honda Amaze E i-VTEC,Individual,First Owner,1198 CC
7168,7169,Tata Indigo VS,Individual,Second Owner,1405 CC
7169,7170,Renault KWID 1.0 RXT 02 Anniversary Edition,Individual,First Owner,999 CC
7170,7171,Maruti Swift Dzire Tour LDI,Individual,First Owner,1248 CC
7171,7172,Tata Indigo LX,Individual,First Owner,1405 CC
7172,7173,Tata Indica V2 DLS,Individual,Second Owner,1396 CC
7173,7174,Hyundai i20 Magna 1.2,Individual,Second Owner,1197 CC
7174,7175,Toyota Innova Crysta 2.4 ZX MT BSIV,Individual,First Owner,2393 CC
7175,7176,Chevrolet Cruze LTZ,Individual,First Owner,1991 CC
7176,7177,Tata Hexa XTA,Individual,First Owner,2179 CC
7177,7178,Honda City i DTec S,Individual,First Owner,1498 CC
7178,7179,Mercedes-Benz GLA Class 200,Individual,First Owner,1991 CC
7179,7180,Maruti Swift 1.3 VXi,Individual,Second Owner,
7180,7181,Honda Amaze S i-Dtech,Individual,First Owner,1498 CC
7181,7182,Hyundai i20 1.4 CRDi Era,Individual,First Owner,1396 CC
7182,7183,Datsun GO Plus A Option Petrol,Individual,First Owner,1198 CC
7183,7184,Mahindra XUV500 W4 1.99 mHawk,Individual,Second Owner,1997 CC
7184,7185,Volkswagen Polo Diesel Comfortline 1.2L,Individual,Second Owner,1199 CC
7185,7186,Maruti Swift Dzire AMT ZXI,Individual,First Owner,1197 CC
7186,7187,Mahindra TUV 300 T8,Individual,First Owner,1493 CC
7187,7188,Maruti Zen Estilo LXI BSIII,Individual,First Owner,998 CC
7188,7189,Hyundai i10 Magna 1.1L,Individual,Second Owner,1086 CC
7189,7190,Hyundai Creta 1.6 SX Automatic,Individual,First Owner,1591 CC
7190,7191,Toyota Innova 2.5 G (Diesel) 7 Seater,Individual,Second Owner,2494 CC
7191,7192,Hyundai Verna 1.4 VTVT,Individual,First Owner,1396 CC
7192,7193,Maruti Wagon R LXI BS IV,Individual,Second Owner,998 CC
7193,7194,Hyundai EON Magna Optional,Individual,Second Owner,814 CC
7194,7195,Hyundai EON Era Plus,Individual,First Owner,814 CC
7195,7196,Honda City i DTec VX,Individual,Second Owner,1498 CC
7196,7197,Hyundai Santro Xing GL Plus,Individual,Second Owner,1086 CC
7197,7198,Maruti Alto LX,Individual,Fourth & Above Owner,796 CC
7198,7199,Hyundai i20 1.4 CRDi Asta,Individual,First Owner,1396 CC
7199,7200,Maruti Ritz VDi ABS,Individual,First Owner,1248 CC
7200,7201,Mahindra KUV 100 D75 K4 Plus,Individual,First Owner,1198 CC
7201,7202,Maruti Swift Dzire VDi,Individual,Second Owner,1248 CC
7202,7203,Hyundai i20 Sportz 1.2,Individual,First Owner,1197 CC
7203,7204,Maruti Swift VDI BSIV,Individual,First Owner,1248 CC
7204,7205,Maruti Wagon R LXI BS IV,Individual,Second Owner,998 CC
7205,7206,Honda City 2017-2020 GXi,Individual,Second Owner,1497 CC
7206,7207,Maruti Wagon R LXI,Individual,Second Owner,998 CC
7207,7208,Hyundai EON Magna Plus,Individual,Second Owner,814 CC
7208,7209,Hyundai Santro Xing XO,Individual,First Owner,
7209,7210,Maruti Wagon R VXI,Individual,Second Owner,998 CC
7210,7211,Tata Indica Vista Aqua 1.4 TDI,Individual,First Owner,1405 CC
7211,7212,Mahindra Verito Vibe 1.5 dCi D4,Individual,First Owner,1461 CC
7212,7213,Toyota Fortuner 3.0 Diesel,Individual,Second Owner,2982 CC
7213,7214,Chevrolet Optra Magnum 2.0 LS,Individual,Second Owner,1991 CC
7214,7215,Hyundai Verna 1.6 CRDi EX AT,Individual,Second Owner,1582 CC
7215,7216,Tata Indica V2 DL,Individual,Second Owner,1396 CC
7216,7217,Hyundai Verna 1.6 SX CRDi (O),Individual,Second Owner,1582 CC
7217,7218,Datsun RediGO 1.0 T Option,Individual,First Owner,999 CC
7218,7219,Maruti 800 AC,Individual,Second Owner,796 CC
7219,7220,Volkswagen Polo Diesel Highline 1.2L,Individual,Third Owner,1199 CC
7220,7221,Maruti Swift Dzire VXI 1.2,Individual,First Owner,1197 CC
7221,7222,Maruti Swift Dzire VDI,Individual,Second Owner,1248 CC
7222,7223,Maruti S-Cross 2017-2020 Zeta DDiS 200 SH,Individual,First Owner,1248 CC
7223,7224,Honda City 2017-2020 GXi,Individual,Third Owner,1497 CC
7224,7225,Toyota Innova 2.5 G4 Diesel 8-seater,Individual,First Owner,2494 CC
7225,7226,Maruti Alto 800 VXI Optional,Individual,First Owner,796 CC
7226,7227,Maruti Alto K10 VXI,Individual,First Owner,998 CC
7227,7228,Volkswagen Polo 1.2 MPI Comfortline,Individual,First Owner,1199 CC
7228,7229,Maruti Wagon R VXI BS IV,Individual,First Owner,998 CC
7229,7230,Maruti A-Star Vxi,Individual,Second Owner,998 CC
7230,7231,Maruti Swift Dzire ZDI,Individual,Second Owner,1248 CC
7231,7232,Mahindra XUV500 W6 2WD,Individual,First Owner,2179 CC
7232,7233,Tata Indica V2 DLX,Individual,Second Owner,1396 CC
7233,7234,Maruti Baleno Zeta Automatic,Individual,First Owner,1197 CC
7234,7235,Maruti Ignis 1.2 AMT Zeta BSIV,Individual,Second Owner,1197 CC
7235,7236,Maruti Wagon R AMT VXI,Individual,First Owner,998 CC
7236,7237,Maruti Vitara Brezza ZDi Plus Dual Tone,Individual,First Owner,1248 CC
7237,7238,Hyundai Grand i10 CRDi Sportz,Individual,First Owner,1120 CC
7238,7239,Maruti Swift Dzire VDI,Individual,Second Owner,1248 CC
7239,7240,Mahindra Thar DI 4X4 PS,Individual,First Owner,2523 CC
7240,7241,Maruti Baleno RS 1.0 Petrol,Individual,First Owner,998 CC
7241,7242,Volkswagen Polo Diesel Comfortline 1.2L,Individual,Second Owner,1199 CC
7242,7243,Mahindra KUV 100 D75 K8 Dual Tone,Individual,First Owner,1198 CC
7243,7244,Maruti Swift Dzire ZDi,Individual,Second Owner,1248 CC
7244,7245,Ford Figo 1.2P Sports Edition MT,Individual,First Owner,1196 CC
7245,7246,Hyundai Santro Xing GL Plus LPG,Individual,First Owner,1086 CC
7246,7247,Maruti Eeco 7 Seater Standard BSIV,Individual,Second Owner,1196 CC
7247,7248,Mahindra Thar 4X4,Individual,First Owner,2498 CC
7248,7249,Hyundai Xcent 1.2 Kappa S Option,Individual,First Owner,1197 CC
7249,7250,Mahindra KUV 100 mFALCON D75 K2,Individual,First Owner,1198 CC
7250,7251,Hyundai Santro Xing GL Plus,Individual,Second Owner,1086 CC
7251,7252,Maruti Wagon R AMT VXI Option,Individual,First Owner,998 CC
7252,7253,Maruti Alto K10 VXI,Individual,Second Owner,998 CC
7253,7254,Chevrolet Beat Diesel,Individual,Second Owner,936 CC
7254,7255,Tata Zest Quadrajet 1.3 XT,Individual,Second Owner,1248 CC
7255,7256,Maruti Wagon R LXI,Individual,Third Owner,998 CC
7256,7257,Tata Indica Vista Quadrajet 90 VX,Individual,First Owner,1248 CC
7257,7258,Mahindra Bolero Power Plus ZLX,Individual,Second Owner,1493 CC
7258,7259,Ford Classic 1.4 Duratorq CLXI,Individual,Second Owner,1399 CC
7259,7260,Mahindra Bolero SLX 4WD BSIII,Individual,First Owner,2523 CC
7260,7261,Ford Classic 1.4 Duratorq CLXI,Individual,Second Owner,1399 CC
7261,7262,Ford Figo Diesel Titanium,Individual,Second Owner,1399 CC
7262,7263,Mahindra NuvoSport N8 AMT,Individual,First Owner,1493 CC
7263,7264,Maruti Alto K10 VXI,Individual,First Owner,998 CC
7264,7265,Maruti Ciaz VDi Plus,Individual,First Owner,1248 CC
7265,7266,Maruti Wagon R LXI Optional,Individual,First Owner,998 CC
7266,7267,Tata Indigo CR4,Individual,Second Owner,1396 CC
7267,7268,Mahindra TUV 300 mHAWK100 T8,Individual,First Owner,1493 CC
7268,7269,Renault KWID RXL,Individual,First Owner,799 CC
7269,7270,Maruti Alto K10 VXI,Individual,First Owner,998 CC
7270,7271,Maruti 800 AC,Individual,Second Owner,796 CC
7271,7272,Maruti Alto K10 2010-2014 VXI,Individual,Third Owner,998 CC
7272,7273,Tata Indica DLS,Individual,Fourth & Above Owner,
7273,7274,Maruti Swift VXI Optional,Individual,First Owner,1197 CC
7274,7275,Mahindra Bolero DI,Individual,Second Owner,2523 CC
7275,7276,Maruti Estilo LXI,Individual,Third Owner,
7276,7277,Skoda Rapid 1.5 TDI AT Style Plus,Dealer,First Owner,1498 CC
7277,7278,Toyota Innova 2.5 Z Diesel 7 Seater BS IV,Dealer,First Owner,2494 CC
7278,7279,Mahindra XUV500 W5 BSIV,Dealer,First Owner,2179 CC
7279,7280,Volkswagen Polo 2015-2019 GT 1.5 TDI,Dealer,First Owner,1498 CC
7280,7281,Hyundai i20 Asta 1.4 CRDi,Dealer,First Owner,1396 CC
7281,7282,Honda City i-VTEC CVT ZX,Dealer,First Owner,1497 CC
7282,7283,Maruti Swift VDI,Dealer,First Owner,1248 CC
7283,7284,Hyundai i20 2015-2017 Sportz 1.4 CRDi,Dealer,First Owner,1396 CC
7284,7285,Honda Jazz 1.5 S i DTEC,Dealer,First Owner,1498 CC
7285,7286,Maruti Swift Dzire VDI,Dealer,Second Owner,1248 CC
7286,7287,Ford Figo Diesel EXI,Dealer,Second Owner,1399 CC
7287,7288,Mahindra Marazzo M2 8Str BSIV,Dealer,First Owner,1497 CC
7288,7289,Hyundai Elantra CRDi SX Option AT,Dealer,First Owner,1498 CC
7289,7290,Chevrolet Beat Diesel LS,Dealer,First Owner,936 CC
7290,7291,Maruti Swift Dzire ZDI,Dealer,Second Owner,1248 CC
7291,7292,Hyundai Creta 1.6 CRDi AT SX Plus,Dealer,First Owner,1582 CC
7292,7293,Volkswagen Vento 1.5 TDI Highline Plus AT,Dealer,First Owner,1498 CC
7293,7294,Maruti SX4 S Cross 2015-2017 DDiS 200 Alpha,Dealer,First Owner,1248 CC
7294,7295,Skoda Rapid 1.5 TDI Ambition Plus,Dealer,First Owner,1498 CC
7295,7296,Volkswagen Passat Highline DSG S (Spl. Edition),Dealer,First Owner,1968 CC
7296,7297,Skoda Octavia Ambiente 1.9 TDI,Individual,First Owner,1896 CC
7297,7298,Hyundai Verna 1.6 CRDi S Option,Individual,First Owner,1582 CC
7298,7299,Maruti Swift VDI,Individual,First Owner,1248 CC
7299,7300,Maruti Swift LDI,Individual,First Owner,1248 CC
7300,7301,Maruti Alto Green LXi (CNG),Individual,Second Owner,796 CC
7301,7302,Maruti Swift Dzire Vdi BSIV,Individual,First Owner,1248 CC
7302,7303,Toyota Etios VD,Individual,First Owner,
7303,7304,Mahindra XUV500 W8 4WD,Individual,Second Owner,2179 CC
7304,7305,Renault KWID AMT,Individual,First Owner,999 CC
7305,7306,Honda Amaze S Petrol BSIV,Individual,First Owner,1199 CC
7306,7307,Hyundai i20 1.2 Asta,Individual,First Owner,1197 CC
7307,7308,Maruti Ertiga VDI,Individual,First Owner,1248 CC
7308,7309,Maruti Alto Green LXi (CNG),Individual,Second Owner,796 CC
7309,7310,Maruti Ertiga VDI,Individual,First Owner,1248 CC
7310,7311,Maruti Swift Ldi BSIII,Individual,First Owner,1248 CC
7311,7312,Hyundai Grand i10 CRDi SportZ Edition,Individual,Third Owner,1120 CC
7312,7313,Hyundai Grand i10 CRDi Asta,Individual,Second Owner,1120 CC
7313,7314,Tata Indica V2 DLS,Individual,Second Owner,1396 CC
7314,7315,Hyundai Accent GLS,Individual,Third Owner,1495 CC
7315,7316,Hyundai i20 Active S Petrol,Individual,First Owner,1197 CC
7316,7317,Ford Classic 1.6 Duratec CLXI,Individual,Second Owner,1596 CC
7317,7318,Maruti Ritz VDi,Individual,First Owner,1248 CC
7318,7319,Chevrolet Tavera Neo 3 LS 10 Seats BSIII,Individual,Second Owner,2499 CC
7319,7320,Mahindra TUV 300 T4,Individual,Second Owner,1493 CC
7320,7321,Volkswagen Vento Diesel Comfortline,Individual,Second Owner,1598 CC
7321,7322,Mahindra Renault Logan 1.5 DLE Diesel,Individual,Second Owner,1461 CC
7322,7323,Maruti Vitara Brezza VDi,Individual,First Owner,1248 CC
7323,7324,Maruti Swift VXI Optional,Individual,First Owner,1197 CC
7324,7325,Audi Q3 2.0 TDI Quattro Premium Plus,Dealer,First Owner,1968 CC
7325,7326,Honda Civic ZX Diesel BSIV,Dealer,First Owner,1597 CC
7326,7327,BMW X1 sDrive20d M Sport,Dealer,First Owner,1998 CC
7327,7328,Honda Jazz VX CVT,Individual,First Owner,1199 CC
7328,7329,Honda Mobilio RS Option i DTEC,Individual,First Owner,1498 CC
7329,7330,Maruti Baleno Alpha 1.3,Individual,First Owner,1248 CC
7330,7331,Volkswagen Vento 1.5 TDI Highline Plus AT BSIV,Dealer,First Owner,1498 CC
7331,7332,Toyota Innova Crysta 2.8 GX AT 8S BSIV,Dealer,First Owner,2755 CC
7332,7333,Hyundai Grand i10 Nios Sportz,Dealer,First Owner,1197 CC
7333,7334,Renault Lodgy 85PS RxL,Dealer,First Owner,1461 CC
7334,7335,Hyundai Elite i20 Asta Option CVT BSIV,Dealer,First Owner,1197 CC
7335,7336,Chevrolet Trailblazer LTZ 4X2 AT,Dealer,Second Owner,2776 CC
7336,7337,Isuzu MU 7 AT Premium,Dealer,First Owner,2999 CC
7337,7338,Mercedes-Benz GLC 220d 4MATIC,Dealer,First Owner,1950 CC
7338,7339,Hyundai Santro Asta BSIV,Dealer,First Owner,1086 CC
7339,7340,Maruti Celerio ZXI Optional AMT BSIV,Dealer,First Owner,998 CC
7340,7341,Mercedes-Benz GL-Class 220d 4MATIC Sport,Dealer,First Owner,2143 CC
7341,7342,Force Gurkha Hard Top BS3 4WD,Dealer,First Owner,2596 CC
7342,7343,Hyundai Creta 1.6 CRDi SX,Dealer,First Owner,1582 CC
7343,7344,BMW X4 M Sport X xDrive20d,Dealer,First Owner,1995 CC
7344,7345,Honda Amaze S i-Dtech,Individual,First Owner,1498 CC
7345,7346,Mahindra Xylo D4,Individual,First Owner,2489 CC
7346,7347,Maruti Swift Dzire LDi,Individual,Second Owner,1248 CC
7347,7348,Hyundai i20 Magna Optional 1.4 CRDi,Individual,First Owner,1396 CC
7348,7349,Hyundai i20 Magna Optional 1.4 CRDi,Individual,First Owner,1396 CC
7349,7350,Maruti Vitara Brezza ZDi Plus Dual Tone,Individual,First Owner,1248 CC
7350,7351,Toyota Innova 2.5 G (Diesel) 7 Seater,Individual,Second Owner,2494 CC
7351,7352,Maruti Swift VDI,Individual,First Owner,1248 CC
7352,7353,Hyundai Verna CRDi 1.6 EX,Individual,Second Owner,1582 CC
7353,7354,Maruti Swift Dzire Vdi BSIV,Individual,First Owner,1248 CC
7354,7355,Tata Indica V2 DLX TC,Individual,Second Owner,1405 CC
7355,7356,Ford Fiesta 1.4 ZXi TDCi Limited Edition,Individual,First Owner,1399 CC
7356,7357,Volkswagen Vento Diesel Highline,Individual,First Owner,1598 CC
7357,7358,Maruti Swift VDI BSIV,Individual,Second Owner,1248 CC
7358,7359,Maruti Swift 1.3 LXI,Individual,First Owner,
7359,7360,Honda Jazz 1.2 S i VTEC,Dealer,First Owner,1199 CC
7360,7361,Maruti Swift VDI Optional,Dealer,First Owner,1248 CC
7361,7362,Maruti Swift VDI BSIV,Dealer,First Owner,
7362,7363,Honda City i DTec SV,Dealer,First Owner,1498 CC
7363,7364,Honda City i VTEC VX,Individual,First Owner,1497 CC
7364,7365,Maruti Swift LDI,Dealer,First Owner,1248 CC
7365,7366,Maruti Celerio ZXI Optional AMT BSIV,Dealer,First Owner,998 CC
7366,7367,Maruti Baleno Zeta Automatic,Dealer,First Owner,1197 CC
7367,7368,Honda City i-DTEC ZX,Dealer,First Owner,1498 CC
7368,7369,Mahindra Marazzo M8,Individual,First Owner,1497 CC
7369,7370,Maruti Swift AMT VDI,Dealer,First Owner,1248 CC
7370,7371,Toyota Innova Crysta 2.4 VX MT 8S BSIV,Dealer,First Owner,2393 CC
7371,7372,Maruti Baleno Delta,Dealer,First Owner,1197 CC
7372,7373,Maruti Celerio VDi,Dealer,First Owner,793 CC
7373,7374,Maruti Swift VDI BSIV W ABS,Dealer,First Owner,
7374,7375,Audi A4 35 TDI Premium Plus,Dealer,First Owner,1968 CC
7375,7376,Mahindra XUV500 W8 2WD,Dealer,First Owner,2179 CC
7376,7377,Maruti Baleno Alpha CVT,Dealer,First Owner,1197 CC
7377,7378,Maruti Baleno Alpha,Dealer,First Owner,1197 CC
7378,7379,Maruti Swift Vdi BSIII,Individual,Second Owner,1248 CC
7379,7380,Audi A6 2.0 TDI Premium Plus,Individual,Second Owner,1968 CC
7380,7381,Hyundai EON Sportz,Individual,First Owner,814 CC
7381,7382,Mahindra XUV500 AT W10 AWD,Individual,Third Owner,2179 CC
7382,7383,Maruti Celerio VXI,Individual,First Owner,998 CC
7383,7384,Hyundai Grand i10 1.2 Kappa Sportz Option,Individual,First Owner,1197 CC
7384,7385,Maruti Alto 800 LXI,Individual,Second Owner,796 CC
7385,7386,Hyundai Verna 1.4 VTVT,Individual,First Owner,1396 CC
7386,7387,Maruti Swift LXI Optional-O,Individual,First Owner,1197 CC
7387,7388,Ford Figo Diesel ZXI,Individual,Second Owner,1399 CC
7388,7389,Maruti Alto K10 2010-2014 VXI,Individual,First Owner,998 CC
7389,7390,Maruti Alto LX BSIII,Individual,Second Owner,796 CC
7390,7391,Maruti Swift Dzire AMT ZDI,Individual,First Owner,1248 CC
7391,7392,Maruti Swift Dzire LDI,Individual,First Owner,1248 CC
7392,7393,Tata Indigo CS LX (TDI) BS-III,Individual,Second Owner,1405 CC
7393,7394,Toyota Etios Liva 1.4 VD,Individual,First Owner,1364 CC
7394,7395,Mahindra Xylo D4,Individual,Second Owner,2489 CC
7395,7396,Hyundai i20 Magna 1.4 CRDi (Diesel),Dealer,Second Owner,1396 CC
7396,7397,Hyundai Sonata 2.0L CRDi MT,Individual,First Owner,1991 CC
7397,7398,Tata Manza Club Class Quadrajet90 LX,Individual,First Owner,1248 CC
7398,7399,Mahindra XUV500 AT W8 FWD,Individual,First Owner,2179 CC
7399,7400,Maruti Swift Ldi BSIV,Individual,First Owner,1248 CC
7400,7401,Ford Aspire Trend Plus,Individual,First Owner,1194 CC
7401,7402,Skoda Octavia L and K 1.9 TDI (MT),Individual,Second Owner,1896 CC
7402,7403,Hyundai Verna 1.6 SX VTVT AT,Individual,First Owner,1591 CC
7403,7404,Chevrolet Cruze LTZ AT,Individual,First Owner,1998 CC
7404,7405,Mitsubishi Pajero Sport Anniversary Edition,Individual,Second Owner,2477 CC
7405,7406,Hyundai EON Era Plus,Individual,Second Owner,814 CC
7406,7407,Honda Amaze VX i-DTEC,Individual,First Owner,1498 CC
7407,7408,Volkswagen Jetta 2.0 TDI Comfortline,Individual,First Owner,1896 CC
7408,7409,Hyundai i20 1.4 CRDi Era,Individual,Second Owner,1396 CC
7409,7410,Skoda Rapid Ultima 1.6 TDI Elegance,Individual,First Owner,1598 CC
7410,7411,Maruti Swift Dzire VXI 1.2,Individual,First Owner,1197 CC
7411,7412,Toyota Innova Crysta 2.4 GX MT 8S BSIV,Individual,First Owner,2393 CC
7412,7413,Maruti 800 AC,Individual,First Owner,796 CC
7413,7414,Ford Aspire Trend Plus,Individual,First Owner,1194 CC
7414,7415,Hyundai i20 1.2 Asta,Individual,First Owner,1197 CC
7415,7416,Hyundai EON 1.0 Kappa Magna Plus Optional,Individual,Second Owner,998 CC
7416,7417,Maruti Alto K10 2010-2014 VXI,Individual,First Owner,998 CC
7417,7418,Renault Triber RXZ BSIV,Individual,First Owner,999 CC
7418,7419,Hyundai EON Magna Plus,Individual,Second Owner,814 CC
7419,7420,Hyundai i20 1.4 CRDi Sportz,Individual,First Owner,1396 CC
7420,7421,Tata Indigo CR4,Individual,Second Owner,1396 CC
7421,7422,Tata Indigo eCS LX BSIV,Individual,Second Owner,1396 CC
7422,7423,Hyundai Accent Gvs,Individual,Third Owner,
7423,7424,Maruti Ritz ZDi,Individual,Third Owner,1248 CC
7424,7425,Maruti Swift Dzire VXi,Individual,Second Owner,1298 CC
7425,7426,Honda City 1.5 S MT,Individual,Third Owner,1497 CC
7426,7427,Mahindra XUV500 W6 2WD,Individual,First Owner,2179 CC
7427,7428,Chevrolet Tavera Neo 3 LS 10 Seats BSIII,Individual,First Owner,2499 CC
7428,7429,Toyota Platinum Etios 1.4 GXD,Individual,First Owner,1364 CC
7429,7430,Maruti Swift LXI,Individual,First Owner,1197 CC
7430,7431,Hyundai Xcent 1.2 VTVT S AT,Individual,First Owner,1197 CC
7431,7432,Maruti S-Cross 2017-2020 Delta DDiS 200 SH,Individual,First Owner,1248 CC
7432,7433,Tata Tiago 2019-2020 XZ Plus Dual Tone,Individual,First Owner,1199 CC
7433,7434,Maruti Swift 1.3 VXi,Individual,Second Owner,
7434,7435,Ford Figo 1.5D Trend MT,Individual,First Owner,1498 CC
7435,7436,Toyota Innova 2.5 G (Diesel) 7 Seater,Individual,First Owner,2494 CC
7436,7437,Mahindra XUV500 W6 2WD,Individual,First Owner,2179 CC
7437,7438,Maruti Swift VDI BSIV W ABS,Individual,Third Owner,
7438,7439,Maruti Ritz VDi,Individual,Second Owner,1248 CC
7439,7440,Mahindra Scorpio 2.6 SLX Turbo 7 Seater,Individual,Second Owner,2179 CC
7440,7441,Honda Brio 1.2 S MT,Dealer,First Owner,1198 CC
7441,7442,Honda BR-V i-DTEC VX MT,Dealer,First Owner,1498 CC
7442,7443,Honda BR-V i-VTEC VX MT,Dealer,First Owner,1497 CC
7443,7444,Hyundai Verna 1.6 CRDi S,Individual,First Owner,1582 CC
7444,7445,Volkswagen Vento 1.5 TDI Comfortline,Individual,First Owner,1498 CC
7445,7446,Hyundai EON Era Plus,Individual,First Owner,814 CC
7446,7447,Maruti Ertiga SHVS ZDI Plus,Individual,Second Owner,1248 CC
7447,7448,Mercedes-Benz B Class B200 CDI Sport,Individual,Second Owner,2143 CC
7448,7449,Chevrolet Beat LT,Individual,First Owner,1199 CC
7449,7450,Tata Nexon 1.2 Revotron XM,Individual,First Owner,1198 CC
7450,7451,Volkswagen Ameo 1.5 TDI Comfortline AT,Individual,First Owner,1498 CC
7451,7452,Ford Figo Diesel ZXI,Individual,Second Owner,1399 CC
7452,7453,Honda City 1.5 E MT,Individual,First Owner,1497 CC
7453,7454,Hyundai Santro Sportz AMT BSIV,Individual,Fourth & Above Owner,1086 CC
7454,7455,Ford Figo Aspire Facelift,Dealer,First Owner,
7455,7456,Ford Figo 1.5D Titanium MT,Individual,First Owner,1498 CC
7456,7457,Hyundai Santro Sportz BSIV,Individual,First Owner,1086 CC
7457,7458,Tata Indigo CS eLX BS IV,Individual,First Owner,1396 CC
7458,7459,Datsun RediGO 1.0 S,Individual,First Owner,999 CC
7459,7460,Toyota Etios G,Individual,First Owner,1496 CC
7460,7461,Tata Indigo CS LX (TDI) BS III,Individual,First Owner,1396 CC
7461,7462,Tata Indigo eCS VX BSIV,Individual,First Owner,1396 CC
7462,7463,Mahindra Scorpio LX,Individual,Second Owner,2179 CC
7463,7464,Ford Ecosport 1.0 Ecoboost Titanium Optional,Dealer,First Owner,999 CC
7464,7465,Renault Duster 110PS Diesel RxL,Individual,First Owner,1461 CC
7465,7466,Ford Figo Aspire 1.5 TDCi Titanium,Individual,First Owner,1498 CC
7466,7467,Mahindra Bolero SLX,Individual,Second Owner,2523 CC
7467,7468,Hyundai i10 Magna 1.1L,Individual,Second Owner,1086 CC
7468,7469,Maruti Alto LXi BSIII,Individual,Fourth & Above Owner,796 CC
7469,7470,Tata Indica Vista Aqua 1.4 TDI,Individual,First Owner,1405 CC
7470,7471,Honda WR-V i-DTEC S,Dealer,First Owner,1498 CC
7471,7472,Mitsubishi Lancer 2.0 GLd,Individual,Second Owner,1998 CC
7472,7473,Tata Indigo eCS GLX,Individual,First Owner,1193 CC
7473,7474,Maruti Esteem Lxi,Individual,Third Owner,
7474,7475,Maruti Ciaz 1.3 Zeta,Individual,First Owner,1248 CC
7475,7476,Volkswagen Ameo 1.2 MPI Comfortline,Individual,First Owner,1198 CC
7476,7477,Renault KWID RXT Optional,Individual,First Owner,799 CC
7477,7478,Jeep Compass 2.0 Longitude BSIV,Individual,First Owner,1956 CC
7478,7479,Hyundai Verna 1.6 SX CRDi (O),Individual,First Owner,1582 CC
7479,7480,Hyundai Elite i20 Asta Option CVT BSIV,Individual,First Owner,1197 CC
7480,7481,Maruti Ertiga ZDI,Individual,Third Owner,1248 CC
7481,7482,Hyundai Verna 1.6 VTVT SX,Individual,First Owner,1591 CC
7482,7483,Hyundai i20 Asta Option 1.4 CRDi,Individual,First Owner,1396 CC
7483,7484,Skoda Octavia L and K 1.9 TDI MT,Individual,Third Owner,1896 CC
7484,7485,Renault KWID AMT,Individual,First Owner,999 CC
7485,7486,Hyundai Accent CRDi,Individual,Second Owner,1493 CC
7486,7487,Renault Lodgy 85PS RxE,Individual,First Owner,1461 CC
7487,7488,Mahindra Xylo D2 BSIV,Individual,First Owner,2489 CC
7488,7489,Hyundai i20 Active 1.4 SX,Individual,First Owner,1396 CC
7489,7490,Honda City S,Individual,Third Owner,1497 CC
7490,7491,Ford Figo Aspire 1.2 Ti-VCT Titanium,Individual,First Owner,1196 CC
7491,7492,Honda Mobilio RS Option i DTEC,Individual,First Owner,1498 CC
7492,7493,Hyundai Santro Magna,Individual,First Owner,1086 CC
7493,7494,Maruti 800 AC BSII,Individual,Second Owner,796 CC
7494,7495,Renault Lodgy 85PS RxZ,Individual,First Owner,1461 CC
7495,7496,Jeep Compass 2.0 Limited,Individual,First Owner,1956 CC
7496,7497,Tata Indica V2 1.2 GLE BSIII,Individual,Second Owner,1193 CC
7497,7498,Fiat Linea Emotion (Diesel),Individual,Third Owner,1248 CC
7498,7499,Toyota Innova 2.5 V Diesel 8-seater,Individual,Third Owner,2494 CC
7499,7500,Volkswagen Jetta 2.0L TDI Highline,Individual,Second Owner,1968 CC
7500,7501,Maruti Swift Dzire ZDI,Individual,First Owner,1248 CC
7501,7502,Maruti Swift Dzire VDI,Individual,First Owner,1248 CC
7502,7503,Renault KWID RXT,Individual,First Owner,799 CC
7503,7504,Renault Duster 110PS Diesel RxL,Individual,First Owner,1461 CC
7504,7505,Ford Figo Diesel Celebration Edition,Individual,First Owner,1399 CC
7505,7506,Mahindra KUV 100 D75 K8,Individual,First Owner,1198 CC
7506,7507,Mercedes-Benz GL-Class 350 CDI Blue Efficiency,Individual,First Owner,2987 CC
7507,7508,Volkswagen Ameo 1.5 TDI Comfortline,Individual,First Owner,1498 CC
7508,7509,Audi A6 2.0 TDI,Individual,First Owner,1968 CC
7509,7510,Hyundai Verna CRDi SX ABS,Individual,Second Owner,1493 CC
7510,7511,Hyundai Verna CRDi SX,Individual,Second Owner,1493 CC
7511,7512,Hyundai Verna CRDi SX ABS,Individual,Second Owner,1493 CC
7512,7513,Volkswagen Polo Petrol Comfortline 1.2L,Individual,First Owner,1198 CC
7513,7514,Volkswagen Jetta 2.0L TDI Highline AT,Individual,Second Owner,1968 CC
7514,7515,Honda CR-V 2.4 4WD AT,Individual,Third Owner,2354 CC
7515,7516,Maruti Swift VDI,Individual,Third Owner,1248 CC
7516,7517,Volvo XC60 Inscription D5 BSIV,Individual,First Owner,1969 CC
7517,7518,Hyundai Creta 1.6 CRDi SX Option,Individual,First Owner,1582 CC
7518,7519,Hyundai Xcent 1.1 CRDi SX,Individual,Second Owner,1120 CC
7519,7520,Nissan Kicks XV D BSIV,Individual,First Owner,1461 CC
7520,7521,Ford Fiesta 1.4 SXi TDCi ABS,Individual,Third Owner,1399 CC
7521,7522,Chevrolet Optra Magnum 2.0 LT,Individual,Second Owner,1991 CC
7522,7523,Toyota Innova Crysta 2.8 ZX AT BSIV,Individual,First Owner,2755 CC
7523,7524,Honda City i-DTEC VX,Individual,First Owner,1498 CC
7524,7525,Mitsubishi Lancer 2.0 LXd,Individual,Second Owner,1998 CC
7525,7526,Volkswagen Vento Diesel Highline,Individual,Second Owner,1598 CC
7526,7527,Ford Fiesta 1.4 SXi TDCi ABS,Individual,First Owner,1399 CC
7527,7528,Honda City 2017-2020 GXi,Individual,First Owner,1497 CC
7528,7529,Maruti Estilo LXI,Individual,Third Owner,
7529,7530,Honda City i DTec E,Individual,First Owner,1498 CC
7530,7531,Honda City i DTEC V,Individual,Second Owner,1498 CC
7531,7532,Tata Indica V2 DLE BSIII,Individual,Third Owner,1396 CC
7532,7533,Skoda Octavia Ambiente 1.9 TDI MT,Individual,Second Owner,1896 CC
7533,7534,Maruti Alto 800 LXI,Individual,First Owner,796 CC
7534,7535,Maruti Swift Dzire ZDI,Individual,Second Owner,1248 CC
7535,7536,Maruti Wagon R LX Minor,Individual,Second Owner,998 CC
7536,7537,Maruti Celerio VXI,Individual,Second Owner,998 CC
7537,7538,Ford Figo Petrol LXI,Individual,Second Owner,1196 CC
7538,7539,Fiat Palio 1.2 ELX,Individual,Second Owner,
7539,7540,Maruti Omni 8 Seater BSIV,Individual,Second Owner,796 CC
7540,7541,Hyundai i10 Era,Individual,First Owner,1086 CC
7541,7542,Hyundai i20 1.2 Asta Dual Tone,Individual,First Owner,1197 CC
7542,7543,Maruti Vitara Brezza LDi,Individual,First Owner,1248 CC
7543,7544,Maruti Alto 800 CNG LXI Optional,Individual,Second Owner,796 CC
7544,7545,Maruti Alto K10 VXI Airbag,Individual,First Owner,998 CC
7545,7546,Hyundai Verna VTVT 1.6 SX Option,Individual,First Owner,1591 CC
7546,7547,Datsun GO D,Individual,First Owner,1198 CC
7547,7548,Hyundai Santro Xing GL Plus,Individual,Second Owner,1086 CC
7548,7549,Tata Safari DICOR 2.2 LX 4x2,Individual,Second Owner,2179 CC
7549,7550,Maruti 800 Std,Individual,First Owner,796 CC
7550,7551,Ford Aspire Trend Plus,Individual,First Owner,1194 CC
7551,7552,Skoda Octavia L and K 1.9 TDI (MT),Individual,Second Owner,1896 CC
7552,7553,Hyundai Verna 1.6 SX VTVT AT,Individual,First Owner,1591 CC
7553,7554,Chevrolet Cruze LTZ AT,Individual,First Owner,1998 CC
7554,7555,Mitsubishi Pajero Sport Anniversary Edition,Individual,Second Owner,2477 CC
7555,7556,Hyundai EON Era Plus,Individual,Second Owner,814 CC
7556,7557,Honda Amaze VX i-DTEC,Individual,First Owner,1498 CC
7557,7558,Volkswagen Jetta 2.0 TDI Comfortline,Individual,First Owner,1896 CC
7558,7559,Hyundai i20 1.4 CRDi Era,Individual,Second Owner,1396 CC
7559,7560,Skoda Rapid Ultima 1.6 TDI Elegance,Individual,First Owner,1598 CC
7560,7561,Maruti Swift Dzire VXI 1.2,Individual,First Owner,1197 CC
7561,7562,Toyota Innova Crysta 2.4 GX MT 8S BSIV,Individual,First Owner,2393 CC
7562,7563,Maruti 800 AC,Individual,First Owner,796 CC
7563,7564,Ford Aspire Trend Plus,Individual,First Owner,1194 CC
7564,7565,Hyundai i20 1.2 Asta,Individual,First Owner,1197 CC
7565,7566,Hyundai EON 1.0 Kappa Magna Plus Optional,Individual,Second Owner,998 CC
7566,7567,Maruti Alto K10 2010-2014 VXI,Individual,First Owner,998 CC
7567,7568,Renault Triber RXZ BSIV,Individual,First Owner,999 CC
7568,7569,Hyundai EON Magna Plus,Individual,Second Owner,814 CC
7569,7570,Hyundai i20 1.4 CRDi Sportz,Individual,First Owner,1396 CC
7570,7571,Maruti Baleno Alpha 1.2,Individual,Second Owner,1197 CC
7571,7572,Mahindra Verito 1.5 D4 BSIV,Individual,Second Owner,1461 CC
7572,7573,Tata Zest Revotron 1.2 XT,Individual,Second Owner,1193 CC
7573,7574,Skoda Rapid 1.6 MPI Elegance,Individual,First Owner,1598 CC
7574,7575,Hyundai Verna 1.6 SX CRDi (O),Individual,Second Owner,1582 CC
7575,7576,Mahindra XUV500 W4,Individual,Second Owner,2179 CC
7576,7577,Fiat Grande Punto 1.3 Emotion (Diesel),Individual,Third Owner,1248 CC
7577,7578,Hyundai Grand i10 SportZ Edition,Individual,First Owner,1197 CC
7578,7579,Maruti Swift Dzire AMT ZDI Plus,Individual,First Owner,1248 CC
7579,7580,Honda Jazz 1.5 V i DTEC,Individual,Second Owner,1498 CC
7580,7581,Renault Pulse RxL,Individual,First Owner,1461 CC
7581,7582,Maruti Swift 1.3 ZXI,Individual,Third Owner,
7582,7583,Maruti Swift 1.3 VXi,Individual,Fourth & Above Owner,
7583,7584,Tata Indica V2 DLS TC,Individual,Third Owner,1405 CC
7584,7585,Hyundai Accent GLS 1.6,Individual,Fourth & Above Owner,1599 CC
7585,7586,Tata Indica Vista Aqua 1.4 TDI,Individual,Second Owner,1405 CC
7586,7587,Maruti Ignis Zeta AMT,Individual,First Owner,1197 CC
7587,7588,Chevrolet Tavera Neo 3 LS 10 Seats BSIII,Individual,First Owner,2499 CC
7588,7589,Toyota Platinum Etios 1.4 GXD,Individual,First Owner,1364 CC
7589,7590,Maruti Swift LXI,Individual,First Owner,1197 CC
7590,7591,Hyundai Xcent 1.2 VTVT S AT,Individual,First Owner,1197 CC
7591,7592,Maruti S-Cross 2017-2020 Delta DDiS 200 SH,Individual,First Owner,1248 CC
7592,7593,Tata Tiago 2019-2020 XZ Plus Dual Tone,Individual,First Owner,1199 CC
7593,7594,Ford Figo 1.5D Titanium MT,Individual,First Owner,1498 CC
7594,7595,Maruti Omni MPI STD BSIII 8-STR W/ IMMOBILISER,Individual,First Owner,796 CC
7595,7596,Hyundai Santro Xing XL eRLX Euro II,Individual,Third Owner,
7596,7597,BMW 6 Series GT 630d Luxury Line,Individual,First Owner,2993 CC
7597,7598,Hyundai i20 1.2 Magna Executive,Dealer,First Owner,1197 CC
7598,7599,Maruti Swift VXI BSIV,Dealer,First Owner,1197 CC
7599,7600,Maruti Ignis Zeta,Dealer,First Owner,1197 CC
7600,7601,Maruti Wagon R VXI 1.2,Dealer,First Owner,1197 CC
7601,7602,Maruti Swift VDI BSIV,Dealer,First Owner,1248 CC
7602,7603,Maruti Swift Dzire VDI,Dealer,First Owner,1248 CC
7603,7604,Maruti Swift Dzire VDI,Individual,First Owner,1248 CC
7604,7605,Renault KWID RXT,Individual,First Owner,799 CC
7605,7606,Mahindra Scorpio 1.99 S6 Plus,Individual,First Owner,1997 CC
7606,7607,Mahindra XUV500 W6 2WD,Dealer,First Owner,2179 CC
7607,7608,Maruti S-Cross 2017-2020 Zeta DDiS 200 SH,Individual,First Owner,1248 CC
7608,7609,Maruti Swift Dzire VDI,Dealer,First Owner,1248 CC
7609,7610,Hyundai Verna 1.6 SX,Individual,Third Owner,1582 CC
7610,7611,Volkswagen Polo Diesel Comfortline 1.2L,Individual,First Owner,1199 CC
7611,7612,Volkswagen Polo Diesel Comfortline 1.2L,Individual,First Owner,1199 CC
7612,7613,Maruti Alto K10 2010-2014 VXI,Individual,First Owner,998 CC
7613,7614,Maruti Baleno Delta 1.3,Individual,First Owner,1248 CC
7614,7615,Toyota Etios Liva GD,Individual,First Owner,1364 CC
7615,7616,Maruti Omni E MPI STD BS IV,Individual,First Owner,796 CC
7616,7617,Tata Nano Lx BSIV,Individual,Second Owner,624 CC
7617,7618,Renault KWID Climber 1.0 MT BSIV,Individual,First Owner,999 CC
7618,7619,Mahindra Xylo E4,Individual,Second Owner,2498 CC
7619,7620,Ford Figo Diesel Titanium,Individual,First Owner,1399 CC
7620,7621,Maruti Swift Dzire VDi,Individual,Third Owner,1248 CC
7621,7622,Tata Nexon 1.2 Revotron XM,Individual,First Owner,1198 CC
7622,7623,Volkswagen Polo Petrol Highline 1.2L,Individual,First Owner,1198 CC
7623,7624,Maruti Swift Vdi BSIII,Individual,Second Owner,1248 CC
7624,7625,Tata Nano Cx,Individual,First Owner,624 CC
7625,7626,Toyota Etios Liva G,Individual,First Owner,1197 CC
7626,7627,Hyundai Verna 1.6 CRDi SX,Individual,First Owner,1582 CC
7627,7628,Skoda Octavia L and K 1.9 TDI (MT),Individual,Second Owner,1896 CC
7628,7629,Ford EcoSport 1.5 TDCi Titanium BSIV,Individual,First Owner,1498 CC
7629,7630,Ford Fiesta 1.4 Duratorq ZXI,Individual,First Owner,1399 CC
7630,7631,Toyota Innova 2.5 G (Diesel) 8 Seater,Individual,Third Owner,2494 CC
7631,7632,Chevrolet Tavera B2 8 Seats BSIII,Individual,Second Owner,2499 CC
7632,7633,Chevrolet Cruze LTZ,Individual,Fourth & Above Owner,1998 CC
7633,7634,Chevrolet Tavera Neo LT-L - 9 seats BSII,Individual,Fourth & Above Owner,2499 CC
7634,7635,Honda Jazz 1.2 VX i VTEC,Individual,First Owner,1199 CC
7635,7636,Hyundai Grand i10 Sportz,Individual,First Owner,1197 CC
7636,7637,Maruti Eeco 5 Seater AC BSIV,Individual,Second Owner,1196 CC
7637,7638,Maruti Swift Dzire ZDI,Individual,Second Owner,1248 CC
7638,7639,Tata Tiago 1.05 Revotorq XZ,Individual,First Owner,1047 CC
7639,7640,Maruti Ertiga VXI,Individual,First Owner,1373 CC
7640,7641,Volkswagen Vento Diesel Highline,Individual,First Owner,1598 CC
7641,7642,Ford Figo Petrol Titanium,Individual,Second Owner,1196 CC
7642,7643,Chevrolet Spark 1.0 LT LPG,Individual,First Owner,995 CC
7643,7644,Datsun RediGO S,Individual,First Owner,799 CC
7644,7645,Maruti Ritz VDi,Individual,Second Owner,1248 CC
7645,7646,Tata Indica Vista TDI LS,Individual,Second Owner,1405 CC
7646,7647,Tata Nexon 1.5 Revotorq XZ Plus,Individual,First Owner,1497 CC
7647,7648,Tata Nexon 1.5 Revotorq XZ Plus,Individual,First Owner,1497 CC
7648,7649,Mahindra KUV 100 mFALCON D75 K8,Individual,First Owner,1198 CC
7649,7650,Tata Indica Vista TDI LX,Individual,First Owner,1405 CC
7650,7651,Mahindra Bolero 2011-2019 ZLX,Individual,First Owner,2523 CC
7651,7652,Maruti Swift VDI BSIV,Individual,First Owner,
7652,7653,Maruti Alto 800 LXI Airbag,Individual,First Owner,796 CC
7653,7654,Chevrolet Enjoy 1.3 TCDi LS 8,Individual,First Owner,1248 CC
7654,7655,Tata Tiago 1.2 Revotron XZ,Individual,First Owner,1199 CC
7655,7656,Mahindra Scorpio S5 BSIV,Individual,First Owner,2179 CC
7656,7657,Maruti Alto 800 LXI Optional,Individual,First Owner,796 CC
7657,7658,Maruti Alto 800 VXI Optional,Individual,First Owner,796 CC
7658,7659,Tata Nexon 1.5 Revotorq XZ Plus Dual Tone,Individual,First Owner,1497 CC
7659,7660,Maruti 800 AC,Individual,Second Owner,796 CC
7660,7661,Mahindra Bolero 2011-2019 SLX,Individual,First Owner,2523 CC
7661,7662,Toyota Fortuner 2.8 4WD AT BSIV,Individual,First Owner,2755 CC
7662,7663,Mahindra TUV 300 T8,Individual,First Owner,1493 CC
7663,7664,Volkswagen Vento 1.6 Highline,Individual,First Owner,1598 CC
7664,7665,Hyundai Creta 1.6 CRDi SX,Individual,First Owner,1582 CC
7665,7666,Skoda Rapid 1.6 MPI AT Elegance,Individual,Second Owner,1598 CC
7666,7667,Tata Sumo CX 9 Seater,Individual,First Owner,1948 CC
7667,7668,Maruti Ertiga ZDI,Individual,First Owner,1248 CC
7668,7669,Maruti Ritz VDi,Individual,Second Owner,1248 CC
7669,7670,Maruti Ertiga ZDI,Individual,Second Owner,1248 CC
7670,7671,Tata Tiago 1.2 Revotron XTA,Individual,First Owner,1199 CC
7671,7672,Hyundai Grand i10 1.2 Kappa Asta,Individual,First Owner,1197 CC
7672,7673,Maruti Alto K10 LXI,Individual,Second Owner,998 CC
7673,7674,Maruti Swift Dzire VDI,Individual,First Owner,1248 CC
7674,7675,Maruti Eeco 7 Seater Standard BSIV,Individual,First Owner,1196 CC
7675,7676,Maruti Ritz VDi,Individual,Third Owner,1248 CC
7676,7677,Honda Brio Exclusive Edition,Dealer,First Owner,1198 CC
7677,7678,Hyundai Grand i10 AT Asta,Dealer,First Owner,1197 CC
7678,7679,Maruti Wagon R LXI Minor,Individual,Second Owner,1061 CC
7679,7680,Maruti Wagon R LX BSIII,Individual,Second Owner,1061 CC
7680,7681,Maruti Ertiga VDI,Individual,Third Owner,1248 CC
7681,7682,Maruti Swift Dzire VDi,Individual,First Owner,1248 CC
7682,7683,Hyundai Grand i10 1.2 CRDi Sportz,Individual,First Owner,1186 CC
7683,7684,Honda City i DTEC VX,Individual,First Owner,1498 CC
7684,7685,Chevrolet Spark 1.0 PS,Individual,First Owner,995 CC
7685,7686,Tata Indigo CS eLX BS IV,Individual,Second Owner,1396 CC
7686,7687,Maruti Ciaz ZDi Plus SHVS,Individual,First Owner,1248 CC
7687,7688,Renault Captur 1.5 Diesel RXT,Individual,First Owner,1461 CC
7688,7689,Hyundai i20 Sportz 1.2,Individual,First Owner,1197 CC
7689,7690,Maruti Baleno Delta 1.2,Individual,First Owner,1197 CC
7690,7691,Maruti Swift VDI Optional,Individual,First Owner,1248 CC
7691,7692,Maruti Wagon R LX,Individual,Second Owner,998 CC
7692,7693,Hyundai Xcent 1.1 CRDi SX,Individual,First Owner,1120 CC
7693,7694,Toyota Corolla Altis Diesel D4DJ,Individual,Fourth & Above Owner,1364 CC
7694,7695,Chevrolet Spark 1.0 LS,Individual,Second Owner,995 CC
7695,7696,Maruti Alto LXi,Individual,First Owner,796 CC
7696,7697,Maruti Alto LXi,Individual,First Owner,796 CC
7697,7698,Maruti Alto LX,Individual,Third Owner,796 CC
7698,7699,Mahindra Bolero SLE BSIII,Individual,Second Owner,2523 CC
7699,7700,Audi Q5 35TDI Premium Plus,Dealer,First Owner,1968 CC
7700,7701,Honda CR-V 2.0L 2WD AT,Dealer,First Owner,1997 CC
7701,7702,Lexus ES 300h,Dealer,First Owner,2487 CC
7702,7703,Jaguar XF 2.0 Diesel Portfolio,Dealer,First Owner,1999 CC
7703,7704,Jeep Wrangler 2016-2019 3.6 4X4,Individual,First Owner,3604 CC
7704,7705,Mahindra Thar CRDe AC,Dealer,First Owner,2498 CC
7705,7706,Toyota Camry 2.5 Hybrid,Trustmark Dealer,First Owner,2494 CC
7706,7707,Honda Jazz VX,Trustmark Dealer,First Owner,1199 CC
7707,7708,Toyota Innova 2.5 VX (Diesel) 7 Seater,Trustmark Dealer,Second Owner,2494 CC
7708,7709,Honda Amaze V CVT Petrol BSIV,Trustmark Dealer,First Owner,1199 CC
7709,7710,BMW 5 Series 520d Sport Line,Dealer,First Owner,1995 CC
7710,7711,Mercedes-Benz E-Class Exclusive E 200 BSIV,Dealer,First Owner,1991 CC
7711,7712,Land Rover Discovery Sport TD4 SE,Dealer,First Owner,1999 CC
7712,7713,Tata Hexa XE,Dealer,First Owner,2179 CC
7713,7714,Mercedes-Benz S-Class S 350 CDI,Dealer,First Owner,2987 CC
7714,7715,Hyundai Grand i10 1.2 Kappa Magna AT,Trustmark Dealer,First Owner,1197 CC
7715,7716,Hyundai Venue SX Plus Turbo DCT BSIV,Dealer,First Owner,998 CC
7716,7717,Honda CR-V 2.4L 4WD AT AVN,Dealer,First Owner,2354 CC
7717,7718,Mahindra Bolero Power Plus SLE,Individual,First Owner,1493 CC
7718,7719,Mahindra KUV 100 G80 K2,Individual,First Owner,1198 CC
7719,7720,Maruti Wagon R LXI Optional,Individual,First Owner,998 CC
7720,7721,Mahindra XUV300 W8 Option BSIV,Individual,First Owner,1197 CC
7721,7722,Maruti Wagon R LXI BS IV,Dealer,First Owner,998 CC
7722,7723,Tata Tiago 1.2 Revotron XE,Dealer,First Owner,1199 CC
7723,7724,Chevrolet Spark 1.0 LT,Individual,Second Owner,995 CC
7724,7725,Maruti Wagon R LXI,Dealer,First Owner,998 CC
7725,7726,Hyundai Grand i10 SportZ Edition,Individual,Second Owner,1197 CC
7726,7727,Renault KWID RXL,Individual,First Owner,799 CC
7727,7728,Renault Duster 85PS Diesel RxE,Individual,Second Owner,1461 CC
7728,7729,Tata Manza Aqua Quadrajet,Dealer,First Owner,1248 CC
7729,7730,Maruti Omni 8 Seater BSII,Individual,Fourth & Above Owner,796 CC
7730,7731,Maruti Omni E 8 Str STD,Individual,Fourth & Above Owner,
7731,7732,Hyundai i10 Sportz,Individual,First Owner,1197 CC
7732,7733,Mahindra Scorpio S4 7 Seater,Individual,First Owner,2179 CC
7733,7734,Maruti Eeco CNG 5 Seater AC BSIV,Individual,First Owner,1196 CC
7734,7735,Hyundai EON D Lite Plus,Individual,First Owner,814 CC
7735,7736,Maruti 800 AC,Individual,First Owner,796 CC
7736,7737,Tata Safari DICOR 2.2 LX 4x2,Dealer,First Owner,2179 CC
7737,7738,Chevrolet Beat LS,Individual,Second Owner,1199 CC
7738,7739,Maruti Alto K10 VXI,Individual,First Owner,998 CC
7739,7740,Hyundai i20 Asta 1.2,Individual,First Owner,1197 CC
7740,7741,Hyundai Santro Xing XG,Individual,Second Owner,
7741,7742,Maruti 800 AC BSIII,Individual,Fourth & Above Owner,796 CC
7742,7743,Hyundai EON Era Plus,Individual,First Owner,814 CC
7743,7744,Maruti SX4 Vxi BSIII,Individual,Second Owner,1586 CC
7744,7745,Jeep Compass 1.4 Limited Plus BSIV,Individual,First Owner,1368 CC
7745,7746,Tata Sumo MKII GX BS IV,Individual,Second Owner,2179 CC
7746,7747,Isuzu D-Max V-Cross 4X4,Individual,First Owner,2499 CC
7747,7748,Audi A4 2.0 TDI,Individual,First Owner,1968 CC
7748,7749,Toyota Innova Crysta 2.5 VX BS IV,Individual,First Owner,2494 CC
7749,7750,Toyota Fortuner 4x2 Manual,Individual,First Owner,2982 CC
7750,7751,Maruti Celerio VXI AT,Trustmark Dealer,First Owner,998 CC
7751,7752,Hyundai Venue SX Plus Dual Tone Turbo DCT,Trustmark Dealer,First Owner,998 CC
7752,7753,Maruti Swift AMT ZXI,Dealer,First Owner,1197 CC
7753,7754,Mahindra Thar DI 4X4,Dealer,First Owner,2523 CC
7754,7755,Maruti Ignis 1.2 Zeta BSIV,Dealer,First Owner,1197 CC
7755,7756,Hyundai i10 Magna 1.1L,Individual,First Owner,1086 CC
7756,7757,BMW 3 Series 320d GT Luxury Line,Dealer,First Owner,1995 CC
7757,7758,BMW 5 Series 520d Luxury Line,Dealer,First Owner,1995 CC
7758,7759,Honda City i VTEC VX,Dealer,First Owner,1497 CC
7759,7760,Honda City 1.5 S MT,Dealer,First Owner,1497 CC
7760,7761,Maruti Vitara Brezza VDi,Dealer,First Owner,1248 CC
7761,7762,Maruti Vitara Brezza ZDi,Dealer,First Owner,1248 CC
7762,7763,Volkswagen Polo 1.5 TDI Comfortline,Dealer,First Owner,1498 CC
7763,7764,Maruti Vitara Brezza LDi Option,Dealer,First Owner,1248 CC
7764,7765,Maruti Swift Dzire VXI 1.2 BS IV,Individual,First Owner,1197 CC
7765,7766,Maruti Zen Classic,Individual,Third Owner,993 CC
7766,7767,Nissan Sunny Diesel XL,Dealer,First Owner,1461 CC
7767,7768,Mahindra XUV500 W6 2WD,Dealer,First Owner,2179 CC
7768,7769,Renault Duster 85PS Diesel RxL,Dealer,First Owner,1461 CC
7769,7770,Maruti Ciaz ZXi Plus,Individual,First Owner,1373 CC
7770,7771,Hyundai Creta 1.6 CRDi SX Option,Individual,First Owner,1582 CC
7771,7772,Renault KWID Climber 1.0 MT BSIV,Individual,First Owner,999 CC
7772,7773,Hyundai Creta 1.6 SX Option Executive,Individual,First Owner,1591 CC
7773,7774,Maruti Ciaz Delta BSIV,Individual,Second Owner,1462 CC
7774,7775,Hyundai Creta 1.6 CRDi SX,Individual,First Owner,1582 CC
7775,7776,Audi Q5 3.0 TDI Quattro,Individual,First Owner,2967 CC
7776,7777,Hyundai i10 Magna,Individual,First Owner,1197 CC
7777,7778,Hyundai EON Magna Plus,Individual,Second Owner,814 CC
7778,7779,Tata Hexa XT,Individual,First Owner,2179 CC
7779,7780,Maruti Alto 800 LX,Individual,First Owner,796 CC
7780,7781,Toyota Innova 2.5 GX 8 STR,Individual,First Owner,2494 CC
7781,7782,Mahindra Thar CRDe,Individual,First Owner,2498 CC
7782,7783,Mahindra Scorpio 1.99 S4,Individual,First Owner,1997 CC
7783,7784,Hyundai i20 Asta 1.4 CRDi,Individual,Second Owner,1396 CC
7784,7785,Mahindra Scorpio LX,Individual,Second Owner,2179 CC
7785,7786,Maruti SX4 Celebration Diesel,Individual,First Owner,1248 CC
7786,7787,Renault KWID RXT,Individual,Second Owner,799 CC
7787,7788,Tata Tigor 1.2 Revotron XT,Individual,First Owner,1199 CC
7788,7789,Maruti Wagon R VXI Optional,Individual,First Owner,998 CC
7789,7790,Chevrolet Sail 1.3 LS,Dealer,First Owner,1248 CC
7790,7791,Tata Indigo CS LS (TDI) BS-III,Dealer,First Owner,1405 CC
7791,7792,Ford Endeavour 2.5L 4X2,Dealer,First Owner,2499 CC
7792,7793,Toyota Fortuner 4x4 AT,Dealer,First Owner,2982 CC
7793,7794,Hyundai Xcent 1.2 CRDi SX,Dealer,First Owner,1186 CC
7794,7795,Maruti Ciaz VDi Plus SHVS,Dealer,Second Owner,1248 CC
7795,7796,Maruti Swift VDI,Dealer,First Owner,1248 CC
7796,7797,Hyundai Xcent 1.1 CRDi Base,Dealer,First Owner,1120 CC
7797,7798,Mercedes-Benz B Class B200 CDI Sport,Dealer,Second Owner,2143 CC
7798,7799,Tata Aria Pure LX 4x2,Dealer,Second Owner,2179 CC
7799,7800,Hyundai Verna CRDi SX,Dealer,Second Owner,1493 CC
7800,7801,Chevrolet Beat Diesel LT,Dealer,Second Owner,936 CC
7801,7802,Fiat Linea Emotion (Diesel),Dealer,Second Owner,1248 CC
7802,7803,Renault Scala Diesel RxL,Dealer,Second Owner,1461 CC
7803,7804,Hyundai Getz 1.5 CRDi GVS,Dealer,Second Owner,1493 CC
7804,7805,Skoda Rapid 1.6 TDI Elegance,Dealer,Second Owner,1598 CC
7805,7806,Volkswagen Vento Diesel Comfortline,Dealer,Second Owner,1598 CC
7806,7807,BMW 5 Series 520d Sport Line,Dealer,Second Owner,1995 CC
7807,7808,Nissan Sunny XV D,Dealer,Second Owner,1461 CC
7808,7809,Mercedes-Benz M-Class ML 350 CDI,Individual,First Owner,2987 CC
7809,7810,Chevrolet Spark 1.0,Individual,First Owner,995 CC
7810,7811,Tata Indica Vista Aqua TDI BSIII,Individual,Second Owner,1405 CC
7811,7812,Audi Q3 2.0 TDI Quattro Premium Plus,Individual,First Owner,1968 CC
7812,7813,Hyundai EON 1.0 Magna Plus Option O,Individual,First Owner,998 CC
7813,7814,Mahindra Scorpio VLS AT 2.2 mHAWK,Individual,Second Owner,2179 CC
7814,7815,Honda City 2017-2020 EXi,Individual,Third Owner,1497 CC
7815,7816,Honda Mobilio S i VTEC,Individual,First Owner,1497 CC
7816,7817,Renault KWID RXT Optional,Individual,First Owner,799 CC
7817,7818,Tata Manza Aura Quadrajet,Individual,First Owner,1248 CC
7818,7819,Mahindra XUV500 W8 4WD,Individual,Fourth & Above Owner,2179 CC
7819,7820,Mahindra XUV500 W8 4WD,Individual,Second Owner,2179 CC
7820,7821,BMW 3 Series 320d Corporate Edition,Individual,Second Owner,1995 CC
7821,7822,Maruti Wagon R VXI,Individual,Second Owner,998 CC
7822,7823,Nissan Sunny XV,Individual,Third Owner,1498 CC
7823,7824,Maruti Swift VDI,Individual,First Owner,1248 CC
7824,7825,Hyundai Creta 1.6 CRDi SX Plus,Individual,First Owner,1582 CC
7825,7826,Maruti Swift VDI BSIV,Individual,First Owner,1248 CC
7826,7827,Honda City i DTec SV,Individual,Second Owner,1498 CC
7827,7828,Hyundai Grand i10 1.2 Kappa Sportz BSIV,Individual,Second Owner,1197 CC
7828,7829,Volkswagen Ameo 1.5 TDI Highline 16 Alloy,Individual,First Owner,1498 CC
7829,7830,Hyundai i20 Asta 1.2,Individual,First Owner,1197 CC
7830,7831,Maruti Alto 800 LXI,Individual,First Owner,796 CC
7831,7832,Ford Ecosport 1.5 DV5 MT Trend,Dealer,First Owner,1498 CC
7832,7833,Hyundai Creta 1.6 CRDi SX Option,Individual,First Owner,1582 CC
7833,7834,Tata Nano LX SE,Individual,Second Owner,624 CC
7834,7835,Hyundai Verna 1.6 SX VTVT AT,Individual,Second Owner,1591 CC
7835,7836,Volkswagen Polo 1.5 TDI Highline,Individual,Second Owner,1498 CC
7836,7837,Chevrolet Enjoy TCDi LT 7 Seater,Individual,Second Owner,1248 CC
7837,7838,Maruti Wagon R LXI Minor,Individual,Second Owner,1061 CC
7838,7839,Tata Sumo MKII GX BS IV,Individual,Second Owner,2179 CC
7839,7840,Toyota Innova Crysta 2.5 VX BS IV,Individual,First Owner,2494 CC
7840,7841,Toyota Fortuner 4x2 Manual,Individual,First Owner,2982 CC
7841,7842,Mahindra Thar CRDe AC,Individual,First Owner,2498 CC
7842,7843,Honda Mobilio S i DTEC,Individual,Second Owner,1498 CC
7843,7844,Mahindra KUV 100 G80 K8,Individual,First Owner,1198 CC
7844,7845,Mahindra XUV500 W8 2WD,Individual,First Owner,2179 CC
7845,7846,Toyota Innova 2.5 E Diesel MS 7-seater,Individual,Second Owner,2494 CC
7846,7847,Toyota Qualis Fleet A3,Individual,First Owner,
7847,7848,Maruti Swift Dzire AMT VXI,Individual,First Owner,1197 CC
7848,7849,Renault KWID RXT Optional,Individual,First Owner,799 CC
7849,7850,Maruti Alto K10 2010-2014 VXI,Individual,First Owner,998 CC
7850,7851,Renault KWID RXT Optional,Individual,First Owner,799 CC
7851,7852,Maruti Ertiga SHVS ZDI Plus,Individual,First Owner,1248 CC
7852,7853,Maruti Alto K10 VXI,Individual,Second Owner,998 CC
7853,7854,Honda BRV i-VTEC V CVT,Individual,First Owner,1497 CC
7854,7855,Ford Figo Aspire 1.5 TDCi Titanium,Individual,First Owner,1498 CC
7855,7856,Hyundai Creta 1.6 CRDi SX Option,Individual,First Owner,1582 CC
7856,7857,Honda Jazz V CVT,Individual,First Owner,1199 CC
7857,7858,Hyundai Grand i10 CRDi Sportz,Individual,First Owner,1120 CC
7858,7859,Jaguar XE 2016-2019 2.0L Diesel Prestige,Dealer,First Owner,1999 CC
7859,7860,Lexus ES 300h,Dealer,First Owner,2487 CC
7860,7861,Jaguar XF 2.0 Diesel Portfolio,Dealer,First Owner,1999 CC
7861,7862,Tata Safari Storme EX,Individual,First Owner,2179 CC
7862,7863,Volvo XC40 D4 Inscription BSIV,Individual,First Owner,1969 CC
7863,7864,Toyota Camry 2.5 Hybrid,Trustmark Dealer,First Owner,2494 CC
7864,7865,Maruti Wagon R LXI,Trustmark Dealer,First Owner,998 CC
7865,7866,Maruti Baleno Alpha 1.3,Dealer,First Owner,1248 CC
7866,7867,Honda Jazz VX,Trustmark Dealer,First Owner,1199 CC
7867,7868,Toyota Innova 2.5 VX (Diesel) 7 Seater,Trustmark Dealer,Second Owner,2494 CC
7868,7869,Maruti Swift AMT VVT VXI,Trustmark Dealer,First Owner,1197 CC
7869,7870,Toyota Etios VX,Trustmark Dealer,First Owner,1496 CC
7870,7871,Maruti Swift AMT ZXI,Dealer,First Owner,1197 CC
7871,7872,Hyundai Grand i10 1.2 CRDi Sportz,Dealer,First Owner,1186 CC
7872,7873,BMW X4 M Sport X xDrive20d,Dealer,First Owner,1995 CC
7873,7874,BMW X4 M Sport X xDrive20d,Dealer,First Owner,1995 CC
7874,7875,Honda Amaze V CVT Petrol BSIV,Trustmark Dealer,First Owner,1199 CC
7875,7876,Skoda Rapid 1.6 MPI AT Elegance,Dealer,First Owner,1598 CC
7876,7877,Volvo V40 D3 R-Design,Dealer,First Owner,1984 CC
7877,7878,Hyundai Verna VTVT 1.6 AT SX Option,Individual,First Owner,1591 CC
7878,7879,Maruti Swift Dzire VDI,Individual,First Owner,1248 CC
7879,7880,Chevrolet Sail Hatchback 1.2 LS,Individual,First Owner,1199 CC
7880,7881,Hyundai EON Era,Individual,First Owner,814 CC
7881,7882,Ford Figo Aspire 1.5 TDCi Titanium,Dealer,First Owner,1498 CC
7882,7883,Ford Figo 1.5 Sports Edition MT,Dealer,First Owner,1498 CC
7883,7884,Ford EcoSport 1.5 TDCi Titanium Plus BE BSIV,Dealer,First Owner,1498 CC
7884,7885,Hyundai i20 Active 1.4 SX,Individual,Second Owner,1396 CC
7885,7886,Maruti Baleno RS 1.0 Petrol,Individual,Second Owner,998 CC
7886,7887,Maruti Swift Vdi BSIII,Individual,Fourth & Above Owner,1248 CC
7887,7888,Tata Sumo Gold EX,Individual,First Owner,2956 CC
7888,7889,Ford Figo 1.2P Titanium MT,Individual,First Owner,1196 CC
7889,7890,Ford Figo Diesel Titanium,Individual,Third Owner,1399 CC
7890,7891,Maruti Swift Dzire VDI,Individual,First Owner,1248 CC
7891,7892,Toyota Etios Liva GD,Individual,Third Owner,1364 CC
7892,7893,Toyota Innova Crysta 2.4 VX MT 8S BSIV,Individual,First Owner,2393 CC
7893,7894,Volkswagen Vento Petrol Highline AT,Individual,Second Owner,1598 CC
7894,7895,Tata Tigor 2017-2020 XZ Plus,Individual,First Owner,1199 CC
7895,7896,Toyota Corolla Altis 1.8 J,Individual,Second Owner,1798 CC
7896,7897,Ambassador Grand 2000 DSZ PW CL,Individual,Third Owner,1995 CC
7897,7898,Maruti Vitara Brezza ZDi Plus,Individual,First Owner,1248 CC
7898,7899,Maruti Ertiga SHVS ZDI Plus,Individual,First Owner,1248 CC
7899,7900,Maruti Vitara Brezza ZDi Plus,Individual,First Owner,1248 CC
7900,7901,Maruti Ritz LDi,Individual,Second Owner,1248 CC
7901,7902,Hyundai Verna 1.6 CRDi SX,Individual,Second Owner,1582 CC
7902,7903,Toyota Innova 2.5 VX (Diesel) 8 Seater,Individual,First Owner,2494 CC
7903,7904,Maruti Alto LXi,Individual,Second Owner,796 CC
7904,7905,Maruti Ertiga VDI,Individual,Third Owner,1248 CC
7905,7906,Maruti Swift VDI BSIV,Individual,Fourth & Above Owner,1248 CC
7906,7907,Toyota Innova Crysta 2.8 ZX AT BSIV,Individual,First Owner,2755 CC
7907,7908,Datsun RediGO T Option,Individual,First Owner,799 CC
7908,7909,Honda Amaze VX i-VTEC,Individual,First Owner,1198 CC
7909,7910,Tata Nexon 1.5 Revotorq XM,Individual,First Owner,1497 CC
7910,7911,Maruti Eeco 7 Seater Standard BSIV,Individual,First Owner,1196 CC
7911,7912,Renault KWID RXT,Individual,First Owner,799 CC
7912,7913,Tata Indica GLS BS IV,Individual,First Owner,1193 CC
7913,7914,Maruti Eeco 5 STR With AC Plus HTR CNG,Individual,Fourth & Above Owner,1196 CC
7914,7915,Tata Manza Aura (ABS) Safire,Individual,Second Owner,1368 CC
7915,7916,Hyundai Grand i10 CRDi Magna,Individual,First Owner,1120 CC
7916,7917,Hyundai i20 Asta 1.4 CRDi,Individual,Fourth & Above Owner,1396 CC
7917,7918,Maruti Eeco 7 Seater Standard BSIV,Individual,First Owner,1196 CC
7918,7919,Ford EcoSport 1.5 Diesel Titanium BSIV,Individual,First Owner,1498 CC
7919,7920,Mercedes-Benz E-Class E250 CDI Elegance,Individual,First Owner,2143 CC
7920,7921,Tata Hexa XT,Individual,First Owner,2179 CC
7921,7922,Maruti Baleno Zeta Automatic,Individual,First Owner,1197 CC
7922,7923,Skoda Kodiaq 2.0 TDI Style,Individual,First Owner,1968 CC
7923,7924,Maruti Swift LDI SP Limited Edition,Individual,First Owner,1248 CC
7924,7925,Maruti Wagon R VXI AMT Opt 1.2,Individual,First Owner,1197 CC
7925,7926,Toyota Innova Crysta 2.4 VX MT BSIV,Individual,First Owner,2393 CC
7926,7927,Tata Bolt Quadrajet XE,Individual,First Owner,1248 CC
7927,7928,Ford Freestyle Titanium Petrol BSIV,Individual,First Owner,1194 CC
7928,7929,Maruti Swift VDI BSIV,Individual,First Owner,1248 CC
7929,7930,Hyundai Xcent 1.2 VTVT SX Option,Individual,First Owner,1197 CC
7930,7931,Volvo S90 D4 Inscription BSIV,Individual,First Owner,1969 CC
7931,7932,Ford Endeavour 2.2 Titanium AT 4X2,Individual,Second Owner,2198 CC
7932,7933,Maruti Swift VXI Deca,Individual,First Owner,1197 CC
7933,7934,Maruti Alto 800 LXI,Individual,First Owner,796 CC
7934,7935,Mahindra TUV 300 T6 Plus,Individual,First Owner,1493 CC
7935,7936,Maruti 800 AC,Individual,Third Owner,796 CC
7936,7937,Hyundai Xcent 1.2 CRDi S,Individual,First Owner,1186 CC
7937,7938,Maruti Baleno Zeta 1.3,Individual,First Owner,1248 CC
7938,7939,Hyundai Verna CRDi 1.6 SX Option,Individual,First Owner,1582 CC
7939,7940,Maruti Baleno Zeta 1.3,Individual,First Owner,1248 CC
7940,7941,Hyundai i10 Sportz Option,Individual,First Owner,1197 CC
7941,7942,Tata Tiago 1.2 Revotron XZ Plus Dual Tone,Individual,First Owner,1199 CC
7942,7943,Chevrolet Beat LT,Individual,Third Owner,1199 CC
7943,7944,Hyundai EON D Lite Plus,Individual,First Owner,814 CC
7944,7945,Mahindra KUV 100 mFALCON G80 K4 Plus 5str,Individual,Second Owner,1198 CC
7945,7946,Toyota Innova 2.5 G (Diesel) 7 Seater,Individual,First Owner,2494 CC
7946,7947,Renault Duster 110PS Diesel RxZ,Dealer,First Owner,1461 CC
7947,7948,Hyundai Verna SX Diesel,Dealer,First Owner,1493 CC
7948,7949,Maruti SX4 S Cross 2015-2017 DDiS 200 Sigma,Dealer,First Owner,1248 CC
7949,7950,Toyota Innova 2.5 ZX Diesel 7 Seater BSIII,Individual,First Owner,2494 CC
7950,7951,Maruti Swift VVT ZXI,Individual,First Owner,1197 CC
7951,7952,Hyundai Creta 1.6 SX,Individual,First Owner,1591 CC
7952,7953,Maruti S-Presso VXI AT,Individual,First Owner,998 CC
7953,7954,Ford Ecosport 1.5 Diesel Titanium,Dealer,First Owner,1498 CC
7954,7955,Maruti Ritz VXi,Individual,First Owner,1197 CC
7955,7956,Maruti Swift ZDi,Individual,First Owner,1248 CC
7956,7957,Maruti Alto 800 LXI,Individual,First Owner,796 CC
7957,7958,Honda City i-VTEC VX,Individual,First Owner,1497 CC
7958,7959,Maruti Alto LX,Individual,Second Owner,796 CC
7959,7960,Hyundai EON Sportz,Individual,First Owner,814 CC
7960,7961,Hyundai Verna 1.6 SX CRDi (O),Individual,First Owner,1582 CC
7961,7962,Maruti Swift VDI Optional,Individual,First Owner,1248 CC
7962,7963,Ford Figo 1.2P Titanium MT,Individual,First Owner,1196 CC
7963,7964,Renault Captur 1.5 Diesel RXT,Individual,First Owner,1461 CC
7964,7965,Maruti Ciaz Alpha Diesel,Individual,First Owner,1248 CC
7965,7966,Maruti Alto LXi,Individual,First Owner,796 CC
7966,7967,Mahindra TUV 300 T8,Individual,First Owner,1493 CC
7967,7968,BMW 3 Series 320d Sedan,Individual,First Owner,1995 CC
7968,7969,Hyundai Santro Xing XK eRLX EuroIII,Individual,Second Owner,1086 CC
7969,7970,Toyota Innova 2.5 G (Diesel) 7 Seater,Individual,First Owner,2494 CC
7970,7971,Renault Duster 110PS Diesel RxZ,Dealer,First Owner,1461 CC
7971,7972,Hyundai Verna SX Diesel,Dealer,First Owner,1493 CC
7972,7973,Maruti SX4 S Cross 2015-2017 DDiS 200 Sigma,Dealer,First Owner,1248 CC
7973,7974,Toyota Innova 2.5 ZX Diesel 7 Seater BSIII,Individual,First Owner,2494 CC
7974,7975,Maruti Swift VVT ZXI,Individual,First Owner,1197 CC
7975,7976,Hyundai Creta 1.6 SX,Individual,First Owner,1591 CC
7976,7977,Maruti S-Presso VXI AT,Individual,First Owner,998 CC
7977,7978,Ford Ecosport 1.5 Diesel Titanium,Dealer,First Owner,1498 CC
7978,7979,Maruti Ritz VXi,Individual,First Owner,1197 CC
7979,7980,Maruti Swift ZDi,Individual,First Owner,1248 CC
7980,7981,Maruti Alto 800 LXI,Individual,First Owner,796 CC
7981,7982,Honda City i-VTEC VX,Individual,First Owner,1497 CC
7982,7983,Maruti Alto LX,Individual,Second Owner,796 CC
7983,7984,Hyundai EON Sportz,Individual,First Owner,814 CC
7984,7985,Hyundai Verna 1.6 SX CRDi (O),Individual,First Owner,1582 CC
7985,7986,Maruti Swift VDI Optional,Individual,First Owner,1248 CC
7986,7987,Ford Figo 1.2P Titanium MT,Individual,First Owner,1196 CC
7987,7988,Renault Captur 1.5 Diesel RXT,Individual,First Owner,1461 CC
7988,7989,Maruti Ciaz Alpha Diesel,Individual,First Owner,1248 CC
7989,7990,Hyundai Grand i10 Magna,Individual,First Owner,1197 CC
7990,7991,Tata Indigo CS eLX BS IV,Individual,Second Owner,1396 CC
7991,7992,Maruti Ertiga LXI,Individual,First Owner,1373 CC
7992,7993,Maruti Ertiga VDI,Individual,First Owner,1248 CC
7993,7994,Maruti Swift Dzire VXI,Individual,First Owner,1197 CC
7994,7995,Honda City 2017-2020 GXi,Individual,Second Owner,1497 CC
7995,7996,Maruti Swift VXI BSIII,Individual,Third Owner,1298 CC
7996,7997,Hyundai Santro LS zipPlus,Individual,Second Owner,
7997,7998,Maruti Alto 800 LXI,Individual,First Owner,796 CC
7998,7999,Maruti Alto 800 LXI,Individual,First Owner,796 CC
7999,8000,Maruti Alto LX,Individual,First Owner,796 CC
8000,8001,Maruti Wagon R VXI BS IV,Individual,Second Owner,998 CC
8001,8002,Ford Fiesta 1.4 ZXi Duratec,Individual,Second Owner,1388 CC
8002,8003,Renault Lodgy 85PS Std,Dealer,First Owner,1461 CC
8003,8004,Renault Fluence 2.0,Dealer,First Owner,1997 CC
8004,8005,Ford Figo Aspire Titanium Diesel,Dealer,First Owner,1499 CC
8005,8006,Hyundai Verna CRDi 1.6 SX,Individual,First Owner,1582 CC
8006,8007,Maruti Swift VDI Optional,Individual,First Owner,1248 CC
8007,8008,Hyundai i20 Sportz 1.4 CRDi,Individual,Second Owner,1396 CC
8008,8009,Maruti Alto K10 VXI Airbag,Individual,First Owner,998 CC
8009,8010,Hyundai Santro Xing XS eRLX Euro III,Individual,Second Owner,
8010,8011,Hyundai i10 Magna 1.1L,Individual,Second Owner,1086 CC
8011,8012,Hyundai i20 2015-2017 Sportz Option 1.4 CRDi,Individual,First Owner,1396 CC
8012,8013,Ford Figo Diesel Titanium,Individual,Second Owner,1399 CC
8013,8014,Maruti Celerio LDi,Individual,First Owner,793 CC
8014,8015,Maruti Swift VDI,Individual,Second Owner,1248 CC
8015,8016,Maruti Baleno Alpha Diesel,Individual,First Owner,1248 CC
8016,8017,Tata Indica Vista Quadrajet VX,Individual,Second Owner,1248 CC
8017,8018,Tata Indica V2 2001-2011 DLS BSIII,Individual,Fourth & Above Owner,1396 CC
8018,8019,Tata New Safari Dicor VX 4X2,Individual,Second Owner,2179 CC
8019,8020,Maruti Wagon R LX Minor,Individual,Second Owner,998 CC
8020,8021,Tata Indica V2 DLS,Individual,Third Owner,1396 CC
8021,8022,Ford Fiesta Classic 1.4 Duratorq CLXI,Individual,Second Owner,1399 CC
8022,8023,Mahindra Bolero 2011-2019 EX NON AC,Individual,First Owner,2523 CC
8023,8024,Hyundai Santa Fe 4x4 AT,Individual,Second Owner,2199 CC
8024,8025,Hyundai EON Sportz,Individual,Second Owner,814 CC
8025,8026,Maruti 800 AC,Individual,Second Owner,796 CC
8026,8027,Tata Indigo CS LX (TDI) BS III,Individual,First Owner,1396 CC
8027,8028,Hyundai i10 Magna,Individual,Second Owner,1197 CC
8028,8029,Maruti Alto 800 VXI,Individual,First Owner,796 CC
8029,8030,Chevrolet Beat LT,Individual,First Owner,1199 CC
8030,8031,Tata Sumo Gold EX,Individual,First Owner,2956 CC
8031,8032,Chevrolet Enjoy TCDi LT 7 Seater,Individual,First Owner,1248 CC
8032,8033,Tata Indica Vista Aura 1.2 Safire BSIV,Individual,Second Owner,1172 CC
8033,8034,Hyundai Verna 1.6 SX,Individual,Second Owner,1582 CC
8034,8035,Renault Duster 110PS Diesel RxZ,Individual,First Owner,1461 CC
8035,8036,Maruti Alto 800 LXI Optional,Individual,First Owner,796 CC
8036,8037,Maruti Wagon R VXI Optional,Individual,First Owner,998 CC
8037,8038,Tata Indica Vista TDI LS,Individual,Third Owner,1405 CC
8038,8039,Maruti Ertiga SHVS VDI,Individual,Second Owner,1248 CC
8039,8040,Maruti Alto K10 LXI,Individual,Third Owner,998 CC
8040,8041,Hyundai Xcent 1.2 CRDi E Plus,Individual,First Owner,1186 CC
8041,8042,Maruti Wagon R LXI Minor,Individual,Fourth & Above Owner,1061 CC
8042,8043,Maruti Gypsy King Soft Top,Individual,Second Owner,1298 CC
8043,8044,Chevrolet Aveo U-VA 1.2 LT,Individual,Third Owner,1150 CC
8044,8045,Maruti Alto LXi BSIII,Individual,Third Owner,796 CC
8045,8046,Renault Duster RXZ 110PS AMT BSIV,Dealer,First Owner,1461 CC
8046,8047,Honda Jazz V Diesel,Dealer,First Owner,1498 CC
8047,8048,Honda City i VTEC VX Option,Dealer,First Owner,1497 CC
8048,8049,Volkswagen Polo Select 1.2 MPI Highline,Dealer,First Owner,1198 CC
8049,8050,Honda Jazz 1.2 VX i VTEC,Dealer,First Owner,1199 CC
8050,8051,Ford Ecosport 1.5 Petrol Titanium,Dealer,First Owner,1496 CC
8051,8052,Honda City i VTEC S,Dealer,First Owner,1497 CC
8052,8053,Honda CR-V 2.4L 4WD AT,Dealer,First Owner,2354 CC
8053,8054,Honda City i-VTEC V,Dealer,First Owner,1497 CC
8054,8055,Honda City i VTEC SV,Dealer,First Owner,1497 CC
8055,8056,Honda Brio 1.2 S MT,Dealer,First Owner,1198 CC
8056,8057,Honda City i VTEC V,Dealer,First Owner,1497 CC
8057,8058,Honda Accord 2.4 A/T,Dealer,First Owner,2354 CC
8058,8059,Audi A3 40 TFSI Premium,Dealer,First Owner,1798 CC
8059,8060,Hyundai Creta 1.6 SX Option,Dealer,First Owner,1591 CC
8060,8061,Honda City i VTEC SV,Dealer,First Owner,1497 CC
8061,8062,Hyundai i20 Asta (o),Dealer,First Owner,1197 CC
8062,8063,Honda City i VTEC VX Option,Dealer,First Owner,1497 CC
8063,8064,Hyundai Creta 1.6 SX Automatic,Dealer,First Owner,1591 CC
8064,8065,Honda City i VTEC V,Dealer,First Owner,1497 CC
8065,8066,Chevrolet Spark 1.0 LS,Individual,Second Owner,995 CC
8066,8067,Chevrolet Spark 1.0 LS,Individual,Second Owner,995 CC
8067,8068,Mahindra Scorpio M2DI,Individual,Fourth & Above Owner,2179 CC
8068,8069,Ford Figo Aspire Facelift,Individual,First Owner,
8069,8070,Maruti Swift Dzire Tour S CNG,Individual,Second Owner,1197 CC
8070,8071,Honda Amaze VX O iDTEC,Individual,First Owner,1498 CC
8071,8072,Toyota Innova 2.5 V Diesel 7-seater,Individual,Second Owner,2494 CC
8072,8073,Nissan Terrano XL 85 PS,Individual,Second Owner,1461 CC
8073,8074,Hyundai Grand i10 Magna,Individual,First Owner,1197 CC
8074,8075,Maruti SX4 ZXI MT BSIV,Individual,Third Owner,1586 CC
8075,8076,Maruti Ciaz ZDi,Individual,Second Owner,1248 CC
8076,8077,Maruti Wagon R LXI BSIII,Individual,Third Owner,1061 CC
8077,8078,Toyota Innova 2.5 E 7 STR,Individual,First Owner,2494 CC
8078,8079,Chevrolet Spark 1.0 LS,Individual,Second Owner,995 CC
8079,8080,Tata Indigo LS,Individual,Third Owner,1405 CC
8080,8081,Tata New Safari DICOR 2.2 EX 4x2,Individual,First Owner,2179 CC
8081,8082,Honda City ZXi AT,Individual,Second Owner,1493 CC
8082,8083,Ford Fiesta 1.4 Duratorq EXI,Individual,Third Owner,1399 CC
8083,8084,Chevrolet Captiva LT,Individual,Second Owner,1991 CC
8084,8085,Hyundai Grand i10 1.2 Kappa Magna BSIV,Individual,First Owner,1197 CC
8085,8086,Chevrolet Cruze LT,Individual,First Owner,1991 CC
8086,8087,Maruti Celerio ZXI AMT BSIV,Individual,First Owner,998 CC
8087,8088,Tata Bolt Revotron XM,Individual,First Owner,1193 CC
8088,8089,Maruti Wagon R VXI Plus,Individual,Second Owner,998 CC
8089,8090,Tata Nano Cx,Individual,Second Owner,624 CC
8090,8091,Nissan Terrano XL Plus 85 PS,Individual,First Owner,1461 CC
8091,8092,Fiat Linea Emotion,Individual,Second Owner,1368 CC
8092,8093,Hyundai i20 2015-2017 Asta Option 1.4 CRDi,Individual,First Owner,1396 CC
8093,8094,Hyundai Verna 1.6 CRDI,Individual,First Owner,1582 CC
8094,8095,Tata Manza Aura (ABS) Safire BS IV,Individual,Third Owner,1368 CC
8095,8096,Ford Figo Diesel Titanium,Individual,First Owner,1399 CC
8096,8097,Maruti Swift Vdi BSIII,Individual,Second Owner,1248 CC
8097,8098,Ford EcoSport 1.5 Diesel Titanium BSIV,Individual,First Owner,1498 CC
8098,8099,Maruti Swift Vdi BSIII,Individual,Second Owner,1248 CC
8099,8100,Mahindra XUV500 W8 2WD,Individual,First Owner,2179 CC
8100,8101,Tata Nexon 1.5 Revotorq XT,Individual,Second Owner,1497 CC
8101,8102,Fiat Grande Punto 1.3 Dynamic (Diesel),Individual,First Owner,1248 CC
8102,8103,Hyundai Verna 1.6 SX CRDi (O),Individual,Second Owner,1582 CC
8103,8104,Maruti Swift 1.3 VXi,Individual,Second Owner,
8104,8105,Honda City 2017-2020 VTEC,Individual,Second Owner,1497 CC
8105,8106,Honda City 1.3 EXI,Individual,Second Owner,1343 CC
8106,8107,Hyundai Verna 1.6 SX,Individual,Second Owner,1582 CC
8107,8108,Renault Duster 85PS Diesel RxL Plus,Individual,Third Owner,1461 CC
8108,8109,Kia Seltos HTX Plus AT D,Individual,First Owner,1493 CC
8109,8110,Ford Freestyle Titanium Plus Diesel BSIV,Individual,First Owner,1498 CC
8110,8111,Maruti Celerio VXI,Individual,First Owner,998 CC
8111,8112,Toyota Etios Cross 1.4L GD,Individual,First Owner,1364 CC
8112,8113,Ford Freestyle Titanium Plus Diesel BSIV,Individual,First Owner,1498 CC
8113,8114,Toyota Innova 2.5 GX (Diesel) 8 Seater BS IV,Individual,First Owner,2494 CC
8114,8115,Maruti Alto LXi,Individual,First Owner,796 CC
8115,8116,Maruti 800 AC,Individual,First Owner,796 CC
8116,8117,Maruti Alto K10 VXI Airbag,Individual,First Owner,998 CC
8117,8118,Maruti Swift Dzire VDI,Individual,First Owner,1248 CC
8118,8119,Hyundai i20 Magna,Individual,First Owner,1197 CC
8119,8120,Maruti Wagon R LXI Optional,Individual,First Owner,998 CC
8120,8121,Hyundai Santro Xing GLS,Individual,First Owner,1086 CC
8121,8122,Maruti Wagon R VXI BS IV with ABS,Individual,Second Owner,998 CC
8122,8123,Hyundai i20 Magna 1.4 CRDi,Individual,Second Owner,1396 CC
8123,8124,Hyundai i20 Magna,Individual,First Owner,1197 CC
8124,8125,Hyundai Verna CRDi SX,Individual,Fourth & Above Owner,1493 CC
8125,8126,Maruti Swift Dzire ZDi,Individual,First Owner,1248 CC
8126,8127,Tata Indigo CR4,Individual,First Owner,1396 CC
8127,8128,Tata Indigo CR4,Individual,First Owner,1396 CC
